0.10, 0.00, 0.000, 205.33, 0.079, -643.9, 0.18, -0.00, -0.000, 180.0, -0.000, 0.0, 180.88, -0.001, 0.057, -0.067
0.31, 0.00, 0.000, 201.50, 0.070, -811.5, 0.36, -0.00, -0.000, 180.0, -0.001, 0.0, 180.61, -0.003, 0.087, -0.081
0.48, 0.00, 0.000, 137.74, 0.047, -1067.8, 0.54, -0.00, -0.000, 180.0, -0.002, -0.0, 180.73, -0.005, 0.663, -0.076
0.63, 0.00, 0.000, 169.62, 0.006, -1122.9, 0.72, -0.00, -0.000, 180.0, -0.004, 0.0, 181.03, -0.007, 0.382, -0.049
0.84, 0.00, 0.000, 243.59, -0.024, -1094.1, 0.90, -0.00, -0.000, 180.0, -0.006, -0.0, 180.73, -0.009, -0.290, -0.020
1.06, 0.00, 0.000, 214.26, -0.028, -569.6, 1.08, -0.00, -0.000, 180.0, -0.009, 0.0, 180.17, -0.012, -0.036, -0.010
1.26, 0.00, 0.000, 182.37, -0.008, -105.0, 1.26, -0.00, -0.000, 180.0, -0.013, -0.0, 179.96, -0.015, 0.247, -0.023
1.45, 0.00, 0.000, 196.40, 0.012, -81.0, 1.44, -0.00, -0.000, 180.0, -0.016, 0.0, 179.86, -0.019, 0.119, -0.045
1.65, 0.00, 0.000, 205.33, -0.001, -725.3, 1.62, -0.00, -0.000, 180.0, -0.021, 0.0, 179.62, -0.024, 0.034, -0.044
1.84, 0.00, 0.000, 176.00, -0.042, -1211.5, 1.80, -0.00, -0.000, 180.0, -0.026, -0.0, 179.50, -0.029, 0.296, -0.017
2.02, 0.00, 0.000, 183.65, -0.087, -1383.9, 1.98, -0.00, -0.000, 180.0, -0.031, -0.0, 179.50, -0.034, 0.227, 0.023
2.20, 0.00, 0.000, 168.35, -0.122, -1029.5, 2.16, -0.00, -0.000, 180.0, -0.037, 0.0, 179.54, -0.039, 0.366, 0.062
2.38, 0.00, -0.000, 187.48, -0.122, -263.1, 2.34, -0.00, -0.000, 180.0, -0.043, 0.0, 179.57, -0.044, 0.194, 0.075
2.56, 0.00, -0.000, 167.07, -0.094, 268.6, 2.52, -0.00, -0.000, 180.0, -0.050, -0.0, 179.60, -0.050, 0.378, 0.058
2.73, 0.00, -0.000, 179.82, -0.067, 141.7, 2.70, -0.00, -0.000, 180.0, -0.058, 0.0, 179.67, -0.058, 0.265, 0.031
2.91, 0.00, -0.000, 191.30, -0.047, -258.3, 2.88, -0.00, -0.000, 180.0, -0.066, 0.0, 179.61, -0.065, 0.160, 0.002
3.10, 0.00, -0.000, 174.72, -0.039, -349.3, 3.06, -0.00, -0.000, 180.0, -0.074, 0.0, 179.58, -0.074, 0.309, -0.023
3.27, 0.00, -0.000, 173.45, -0.032, -311.0, 3.24, -0.00, -0.000, 180.0, -0.083, 0.0, 179.64, -0.084, 0.321, -0.048
3.45, -0.00, -0.000, 176.00, -0.017, -289.4, 3.42, -0.00, -0.001, 180.0, -0.092, 0.0, 179.70, -0.094, 0.299, -0.080
3.63, -0.00, -0.000, 182.37, -0.000, -346.9, 3.60, -0.00, -0.001, 180.0, -0.102, -0.0, 179.71, -0.104, 0.242, -0.118
3.82, -0.00, -0.000, 198.95, 0.012, -315.8, 3.78, -0.00, -0.001, 180.0, -0.111, 0.0, 179.59, -0.115, 0.091, -0.156
4.02, -0.00, -0.000, 200.23, 0.027, -392.4, 3.96, -0.00, -0.001, 180.0, -0.121, -0.0, 179.37, -0.126, 0.075, -0.198
4.22, -0.00, -0.000, 200.23, 0.039, -459.5, 4.14, -0.00, -0.001, 180.0, -0.130, 0.0, 179.14, -0.137, 0.071, -0.240
4.41, -0.00, -0.000, 190.03, 0.051, -509.8, 4.32, -0.00, -0.001, 180.0, -0.139, 0.0, 178.97, -0.148, 0.159, -0.284
4.59, -0.00, -0.000, 174.72, 0.065, -399.6, 4.50, -0.00, -0.001, 180.0, -0.149, 0.0, 178.94, -0.160, 0.296, -0.332
4.77, -0.00, -0.000, 187.48, 0.065, -833.1, 4.68, -0.00, -0.001, 180.0, -0.158, 0.0, 178.93, -0.172, 0.181, -0.371
4.96, -0.00, -0.000, 193.85, 0.041, -1513.3, 4.86, -0.00, -0.002, 180.0, -0.167, 0.0, 178.81, -0.184, 0.122, -0.389
5.17, -0.00, -0.000, 206.61, -0.033, -2066.5, 5.04, -0.00, -0.002, 180.0, -0.177, 0.0, 178.57, -0.195, 0.002, -0.359
5.37, -0.00, -0.000, 211.71, -0.120, -2600.6, 5.22, -0.00, -0.002, 180.0, -0.186, 0.0, 178.24, -0.206, -0.050, -0.300
5.59, -0.00, -0.000, 211.71, -0.195, -2195.8, 5.40, -0.00, -0.002, 180.0, -0.196, 0.0, 177.88, -0.216, -0.057, -0.235
5.79, -0.00, -0.001, 198.95, -0.231, -1161.2, 5.58, -0.00, -0.002, 180.0, -0.205, 0.0, 177.59, -0.225, 0.053, -0.193
5.99, -0.00, -0.001, 197.68, -0.235, -440.3, 5.76, -0.00, -0.003, 180.0, -0.214, 0.0, 177.38, -0.234, 0.060, -0.180
6.18, -0.00, -0.001, 192.58, -0.224, -399.6, 5.94, -0.00, -0.003, 180.0, -0.224, -0.0, 177.21, -0.244, 0.103, -0.188
6.38, -0.00, -0.001, 191.30, -0.214, -390.0, 6.12, -0.00, -0.003, 180.0, -0.233, 0.0, 177.07, -0.253, 0.111, -0.204
6.57, -0.00, -0.002, 197.68, -0.221, -646.3, 6.30, -0.01, -0.003, 180.0, -0.242, -0.0, 176.91, -0.263, 0.051, -0.211
6.77, -0.00, -0.002, 191.30, -0.242, -904.9, 6.48, -0.01, -0.004, 180.0, -0.252, 0.0, 176.74, -0.272, 0.105, -0.207
6.96, -0.00, -0.002, 192.58, -0.261, -921.7, 6.66, -0.01, -0.004, 180.0, -0.261, 0.0, 176.61, -0.282, 0.090, -0.201
7.15, -0.00, -0.002, 195.13, -0.268, -885.8, 6.84, -0.01, -0.004, 180.0, -0.271, 0.0, 176.45, -0.291, 0.064, -0.202
7.34, -0.00, -0.003, 191.30, -0.276, -1264.2, 7.02, -0.01, -0.004, 180.0, -0.280, 0.0, 176.30, -0.301, 0.095, -0.205
7.53, -0.00, -0.003, 188.75, -0.292, -1606.7, 7.20, -0.01, -0.005, 180.0, -0.289, 0.0, 176.18, -0.310, 0.116, -0.201
7.73, -0.00, -0.003, 193.85, -0.298, -1292.9, 7.38, -0.01, -0.005, 180.0, -0.299, 0.0, 176.06, -0.320, 0.067, -0.205
7.92, -0.01, -0.003, 190.03, -0.279, -864.2, 7.56, -0.01, -0.005, 180.0, -0.308, 0.0, 175.92, -0.329, 0.099, -0.230
8.10, -0.01, -0.004, 176.00, -0.240, -500.2, 7.74, -0.01, -0.006, 180.0, -0.317, -0.0, 175.88, -0.339, 0.224, -0.280
8.28, -0.01, -0.004, 188.75, -0.204, -598.4, 7.92, -0.01, -0.006, 180.0, -0.327, 0.0, 175.86, -0.350, 0.108, -0.338
8.47, -0.01, -0.004, 186.20, -0.176, -837.9, 8.10, -0.01, -0.006, 180.0, -0.336, -0.0, 175.77, -0.361, 0.129, -0.398
8.66, -0.01, -0.004, 183.65, -0.168, -1786.3, 8.28, -0.01, -0.006, 180.0, -0.346, 0.0, 175.71, -0.373, 0.151, -0.444
8.84, -0.01, -0.004, 191.30, -0.182, -2150.3, 8.46, -0.02, -0.007, 180.0, -0.355, -0.0, 175.63, -0.384, 0.080, -0.471
9.04, -0.01, -0.005, 207.88, -0.200, -1748.0, 8.64, -0.02, -0.007, 180.0, -0.364, -0.0, 175.40, -0.395, -0.074, -0.490
9.25, -0.01, -0.005, 200.23, -0.222, -1958.7, 8.82, -0.02, -0.008, 180.0, -0.374, 0.0, 175.13, -0.407, -0.010, -0.500
9.45, -0.01, -0.005, 204.06, -0.251, -1946.8, 9.00, -0.02, -0.008, 180.0, -0.383, -0.0, 174.88, -0.418, -0.050, -0.500
9.65, -0.01, -0.005, 198.95, -0.280, -1652.2, 9.18, -0.02, -0.008, 180.0, -0.393, 0.0, 174.63, -0.429, -0.009, -0.497
9.84, -0.01, -0.006, 187.48, -0.315, -1067.8, 9.36, -0.02, -0.009, 180.0, -0.402, 0.0, 174.48, -0.439, 0.091, -0.485
10.03, -0.02, -0.006, 182.37, -0.350, -957.6, 9.54, -0.02, -0.009, 180.0, -0.411, 0.0, 174.42, -0.450, 0.136, -0.467
10.20, -0.02, -0.006, 165.79, -0.450, 575.2, 9.72, -0.03, -0.010, 180.0, -0.421, 0.0, 174.49, -0.459, 0.286, -0.392
10.37, -0.02, -0.007, 168.35, -0.553, 1605.1, 9.90, -0.03, -0.010, 180.0, -0.430, -0.0, 174.64, -0.468, 0.265, -0.294
10.54, -0.02, -0.007, 170.90, -0.645, 520.1, 10.08, -0.03, -0.010, 180.0, -0.439, 0.0, 174.75, -0.476, 0.244, -0.190
10.71, -0.02, -0.008, 170.90, -0.678, -114.6, 10.26, -0.03, -0.011, 180.0, -0.449, -0.0, 174.86, -0.483, 0.245, -0.123
10.88, -0.02, -0.009, 165.79, -0.663, -402.0, 10.44, -0.03, -0.011, 180.0, -0.458, 0.0, 174.99, -0.490, 0.293, -0.104
11.04, -0.02, -0.009, 163.24, -0.609, -150.5, 10.62, -0.04, -0.012, 180.0, -0.468, 0.0, 175.17, -0.497, 0.319, -0.131
11.21, -0.02, -0.010, 176.00, -0.525, -619.9, 10.80, -0.04, -0.012, 180.0, -0.477, 0.0, 175.28, -0.506, 0.206, -0.203
11.39, -0.03, -0.011, 174.72, -0.453, -1051.0, 10.98, -0.04, -0.013, 180.0, -0.486, 0.0, 175.34, -0.515, 0.218, -0.287
11.56, -0.03, -0.011, 174.72, -0.398, -861.8, 11.16, -0.04, -0.013, 180.0, -0.496, 0.0, 175.40, -0.525, 0.218, -0.372
11.73, -0.03, -0.011, 165.79, -0.359, -481.0, 11.34, -0.05, -0.014, 180.0, -0.505, 0.0, 175.51, -0.536, 0.300, -0.449
11.90, -0.03, -0.012, 165.79, -0.335, -651.1, 11.52, -0.05, -0.014, 180.0, -0.514, -0.0, 175.67, -0.548, 0.303, -0.517
12.06, -0.03, -0.012, 159.42, -0.347, -687.0, 11.70, -0.05, -0.015, 180.0, -0.524, 0.0, 175.87, -0.559, 0.364, -0.554
12.22, -0.04, -0.012, 165.79, -0.381, -205.6, 11.88, -0.05, -0.015, 180.0, -0.533, 0.0, 176.07, -0.570, 0.309, -0.564
12.39, -0.04, -0.013, 158.14, -0.433, 273.4, 12.06, -0.06, -0.016, 180.0, -0.543, 0.0, 176.27, -0.581, 0.382, -0.549
12.54, -0.04, -0.013, 153.04, -0.489, 517.7, 12.24, -0.06, -0.016, 180.0, -0.552, 0.0, 176.55, -0.592, 0.433, -0.518
12.69, -0.04, -0.014, 147.94, -0.544, 352.5, 12.42, -0.06, -0.017, 180.0, -0.561, 0.0, 176.89, -0.602, 0.484, -0.479
12.85, -0.04, -0.014, 158.14, -0.582, 606.3, 12.60, -0.06, -0.017, 180.0, -0.571, 0.0, 177.20, -0.611, 0.398, -0.447
13.00, -0.05, -0.015, 154.32, -0.586, 575.2, 12.78, -0.07, -0.018, 180.0, -0.580, -0.0, 177.47, -0.621, 0.437, -0.442
13.16, -0.05, -0.015, 164.52, -0.571, 853.0, 12.96, -0.07, -0.019, 180.0, -0.589, 0.0, 177.70, -0.630, 0.349, -0.458
13.33, -0.05, -0.016, 165.79, -0.561, 647.0, 13.14, -0.07, -0.019, 180.0, -0.599, 0.0, 177.87, -0.640, 0.341, -0.480
13.49, -0.06, -0.017, 161.97, -0.579, 522.5, 13.32, -0.08, -0.020, 180.0, -0.608, 0.0, 178.06, -0.650, 0.378, -0.483
13.65, -0.06, -0.017, 159.42, -0.611, 644.6, 13.50, -0.08, -0.020, 180.0, -0.618, 0.0, 178.28, -0.660, 0.405, -0.471
13.81, -0.06, -0.018, 167.07, -0.645, 201.6, 13.68, -0.09, -0.021, 180.0, -0.627, -0.0, 178.47, -0.669, 0.340, -0.452
13.98, -0.06, -0.018, 158.14, -0.665, 29.1, 13.86, -0.09, -0.022, 180.0, -0.636, 0.0, 178.67, -0.678, 0.424, -0.439
14.13, -0.07, -0.019, 156.87, -0.666, 175.2, 14.04, -0.09, -0.022, 180.0, -0.646, 0.0, 178.93, -0.688, 0.440, -0.442
14.29, -0.07, -0.020, 156.87, -0.653, 359.6, 14.22, -0.10, -0.023, 180.0, -0.655, -0.0, 179.19, -0.697, 0.445, -0.460
14.45, -0.07, -0.020, 165.79, -0.626, 146.5, 14.40, -0.10, -0.024, 180.0, -0.665, -0.0, 179.41, -0.707, 0.368, -0.498
14.61, -0.08, -0.021, 156.87, -0.604, -14.0, 14.58, -0.11, -0.024, 180.0, -0.674, -0.0, 179.62, -0.717, 0.452, -0.539
14.78, -0.08, -0.022, 173.45, -0.588, -162.5, 14.76, -0.11, -0.025, 180.0, -0.683, 0.0, 179.79, -0.727, 0.306, -0.580
14.95, -0.08, -0.022, 174.72, -0.593, 84.2, 14.94, -0.12, -0.026, 180.0, -0.693, 0.0, 179.86, -0.738, 0.296, -0.607
15.12, -0.09, -0.023, 159.42, -0.619, 419.5, 15.12, -0.12, -0.026, 180.0, -0.702, -0.0, 180.01, -0.748, 0.437, -0.613
15.28, -0.09, -0.024, 159.42, -0.678, 568.0, 15.30, -0.12, -0.027, 180.0, -0.711, 0.0, 180.24, -0.759, 0.441, -0.584
15.43, -0.10, -0.024, 153.04, -0.741, 256.7, 15.48, -0.13, -0.028, 180.0, -0.721, -0.0, 180.52, -0.768, 0.503, -0.539
15.59, -0.10, -0.025, 151.77, -0.790, 89.0, 15.66, -0.13, -0.029, 180.0, -0.730, 0.0, 180.83, -0.777, 0.521, -0.496
15.74, -0.10, -0.026, 151.77, -0.807, 299.8, 15.84, -0.14, -0.029, 180.0, -0.740, 0.0, 181.16, -0.786, 0.527, -0.474
15.90, -0.11, -0.027, 173.45, -0.797, 376.4, 16.02, -0.15, -0.030, 180.0, -0.749, 0.0, 181.36, -0.795, 0.335, -0.478
16.07, -0.11, -0.027, 160.69, -0.769, 673.4, 16.20, -0.15, -0.031, 180.0, -0.758, 0.0, 181.51, -0.804, 0.453, -0.506
16.23, -0.12, -0.028, 168.35, -0.741, 711.7, 16.38, -0.16, -0.032, 180.0, -0.768, -0.0, 181.69, -0.813, 0.388, -0.545
16.40, -0.12, -0.029, 161.97, -0.736, 1082.9, 16.56, -0.16, -0.032, 180.0, -0.777, 0.0, 181.86, -0.823, 0.448, -0.572
16.55, -0.13, -0.030, 145.39, -0.747, 910.5, 16.74, -0.17, -0.033, 180.0, -0.786, 0.0, 182.16, -0.833, 0.603, -0.587
16.71, -0.13, -0.030, 176.00, -0.769, 522.5, 16.92, -0.17, -0.034, 180.0, -0.796, -0.0, 182.38, -0.843, 0.332, -0.588
16.89, -0.14, -0.031, 172.17, -0.797, 570.4, 17.10, -0.18, -0.035, 180.0, -0.805, 0.0, 182.45, -0.853, 0.368, -0.579
17.06, -0.14, -0.032, 170.90, -0.822, 577.6, 17.28, -0.19, -0.036, 180.0, -0.815, -0.0, 182.55, -0.862, 0.381, -0.568
17.23, -0.15, -0.033, 165.79, -0.856, 378.8, 17.46, -0.19, -0.036, 180.0, -0.824, 0.0, 182.68, -0.871, 0.430, -0.547
17.39, -0.15, -0.034, 172.17, -0.880, -368.4, 17.64, -0.20, -0.037, 180.0, -0.833, 0.0, 182.81, -0.880, 0.375, -0.529
17.56, -0.16, -0.035, 165.79, -0.884, -193.6, 17.82, -0.21, -0.038, 180.0, -0.843, 0.0, 182.94, -0.889, 0.435, -0.527
17.73, -0.16, -0.035, 170.90, -0.883, 568.0, 18.00, -0.21, -0.039, 180.0, -0.852, 0.0, 183.08, -0.898, 0.392, -0.533
17.90, -0.17, -0.036, 159.42, -0.881, 771.6, 18.18, -0.22, -0.040, 180.0, -0.861, 0.0, 183.25, -0.908, 0.499, -0.543
18.06, -0.18, -0.037, 173.45, -0.882, 690.2, 18.36, -0.23, -0.041, 180.0, -0.871, 0.0, 183.40, -0.917, 0.376, -0.554
18.23, -0.18, -0.038, 163.24, -0.884, 275.8, 18.54, -0.23, -0.041, 180.0, -0.880, 0.0, 183.54, -0.926, 0.470, -0.566
18.40, -0.19, -0.039, 170.90, -0.891, 254.3, 18.72, -0.24, -0.042, 180.0, -0.890, 0.0, 183.69, -0.936, 0.405, -0.574
18.57, -0.20, -0.040, 178.55, -0.891, 321.3, 18.90, -0.25, -0.043, 180.0, -0.899, 0.0, 183.75, -0.945, 0.337, -0.588
18.75, -0.20, -0.041, 179.82, -0.892, 45.9, 19.08, -0.26, -0.044, 180.0, -0.908, -0.0, 183.76, -0.955, 0.326, -0.603
18.92, -0.21, -0.042, 163.24, -0.885, 204.0, 19.26, -0.27, -0.045, 180.0, -0.918, -0.0, 183.86, -0.964, 0.478, -0.625
19.09, -0.22, -0.043, 172.17, -0.870, 244.7, 19.44, -0.27, -0.046, 180.0, -0.927, 0.0, 184.01, -0.974, 0.400, -0.657
19.27, -0.23, -0.043, 179.82, -0.877, 72.2, 19.62, -0.28, -0.047, 180.0, -0.937, -0.0, 184.05, -0.984, 0.333, -0.675
19.45, -0.23, -0.044, 182.37, -0.906, 72.2, 19.80, -0.29, -0.048, 180.0, -0.946, 0.0, 184.04, -0.994, 0.310, -0.673
19.63, -0.24, -0.045, 174.72, -0.950, 189.6, 19.98, -0.30, -0.049, 180.0, -0.955, 0.0, 184.06, -1.004, 0.379, -0.652
19.79, -0.25, -0.046, 160.69, -1.004, 407.5, 20.16, -0.31, -0.050, 180.0, -0.965, 0.0, 184.20, -1.013, 0.509, -0.612
19.96, -0.26, -0.047, 173.45, -1.035, 244.7, 20.34, -0.32, -0.051, 180.0, -0.974, 0.0, 184.35, -1.022, 0.397, -0.584
20.14, -0.27, -0.048, 179.82, -1.047, 17.2, 20.51, -0.33, -0.052, 180.0, -0.983, 0.0, 184.40, -1.031, 0.341, -0.570
20.32, -0.28, -0.049, 179.82, -1.040, 50.7, 20.69, -0.34, -0.053, 180.0, -0.993, 0.0, 184.40, -1.040, 0.341, -0.575
20.49, -0.28, -0.050, 176.00, -1.021, 302.2, 20.87, -0.35, -0.054, 180.0, -1.002, 0.0, 184.42, -1.049, 0.376, -0.598
20.67, -0.29, -0.051, 177.27, -1.024, 623.1, 21.05, -0.36, -0.055, 180.0, -1.012, 0.0, 184.47, -1.058, 0.366, -0.609
20.84, -0.30, -0.052, 168.35, -1.035, 548.8, 21.23, -0.37, -0.056, 180.0, -1.021, 0.0, 184.55, -1.067, 0.448, -0.614
21.02, -0.31, -0.053, 181.10, -1.060, 352.5, 21.41, -0.38, -0.057, 180.0, -1.030, 0.0, 184.61, -1.076, 0.335, -0.605
21.20, -0.32, -0.054, 176.00, -1.088, 201.6, 21.59, -0.39, -0.058, 180.0, -1.040, 0.0, 184.63, -1.085, 0.382, -0.588
21.37, -0.33, -0.056, 179.82, -1.107, -452.3, 21.77, -0.40, -0.059, 180.0, -1.049, 0.0, 184.66, -1.094, 0.348, -0.576
21.55, -0.34, -0.057, 181.10, -1.121, -888.2, 21.95, -0.41, -0.060, 180.0, -1.058, 0.0, 184.65, -1.103, 0.337, -0.566
21.73, -0.35, -0.058, 177.27, -1.128, -550.5, 22.13, -0.42, -0.061, 180.0, -1.068, 0.0, 184.67, -1.111, 0.372, -0.562
21.91, -0.36, -0.059, 179.82, -1.123, 254.3, 22.31, -0.43, -0.062, 180.0, -1.077, -0.0, 184.68, -1.120, 0.350, -0.571
22.09, -0.37, -0.060, 172.17, -1.126, 342.9, 22.49, -0.44, -0.063, 180.0, -1.087, 0.0, 184.73, -1.129, 0.420, -0.577
22.26, -0.38, -0.061, 170.90, -1.119, 469.8, 22.67, -0.45, -0.064, 180.0, -1.096, 0.0, 184.83, -1.138, 0.434, -0.593
22.43, -0.39, -0.062, 168.35, -1.109, 515.3, 22.85, -0.46, -0.065, 180.0, -1.105, -0.0, 184.96, -1.147, 0.459, -0.614
22.59, -0.40, -0.063, 163.24, -1.105, 467.4, 23.03, -0.48, -0.066, 180.0, -1.115, 0.0, 185.12, -1.157, 0.509, -0.633
22.75, -0.41, -0.065, 155.59, -1.103, 342.9, 23.21, -0.49, -0.067, 180.0, -1.124, -0.0, 185.36, -1.166, 0.583, -0.653
22.90, -0.42, -0.066, 149.22, -1.105, 134.5, 23.39, -0.50, -0.069, 180.0, -1.133, 0.0, 185.69, -1.176, 0.646, -0.670
23.05, -0.43, -0.067, 151.77, -1.109, -66.7, 23.57, -0.51, -0.070, 180.0, -1.143, 0.0, 186.03, -1.186, 0.630, -0.685
23.21, -0.45, -0.068, 160.69, -1.126, 1001.5, 23.75, -0.52, -0.071, 180.0, -1.152, 0.0, 186.31, -1.195, 0.555, -0.689
23.35, -0.46, -0.069, 128.81, -1.159, 1205.1, 23.93, -0.54, -0.072, 180.0, -1.162, 0.0, 186.72, -1.205, 0.851, -0.676
23.49, -0.46, -0.070, 147.94, -1.200, 1260.2, 24.11, -0.55, -0.073, 180.0, -1.171, 0.0, 187.21, -1.214, 0.688, -0.650
23.64, -0.48, -0.071, 142.84, -1.230, 764.4, 24.29, -0.56, -0.074, 180.0, -1.180, 0.0, 187.61, -1.223, 0.742, -0.626
23.77, -0.48, -0.073, 127.53, -1.249, 1377.5, 24.47, -0.58, -0.076, 180.0, -1.190, 0.0, 188.14, -1.232, 0.890, -0.609
23.90, -0.49, -0.074, 137.74, -1.242, 1578.7, 24.65, -0.59, -0.077, 180.0, -1.199, 0.0, 188.69, -1.240, 0.809, -0.615
24.04, -0.50, -0.075, 133.91, -1.213, 1808.6, 24.83, -0.60, -0.078, 180.0, -1.208, 0.0, 189.21, -1.249, 0.854, -0.645
24.18, -0.52, -0.076, 141.56, -1.170, 1686.5, 25.01, -0.62, -0.079, 180.0, -1.218, 0.0, 189.71, -1.259, 0.795, -0.698
24.32, -0.53, -0.077, 142.84, -1.165, 2543.9, 25.18, -0.63, -0.080, 180.0, -1.227, 0.0, 190.15, -1.269, 0.792, -0.730
24.46, -0.54, -0.079, 135.19, -1.177, 1715.2, 25.36, -0.65, -0.082, 180.0, -1.237, 0.0, 190.63, -1.279, 0.871, -0.747
24.59, -0.55, -0.080, 136.46, -1.195, 2112.8, 25.54, -0.66, -0.083, 180.0, -1.246, 0.0, 191.15, -1.289, 0.870, -0.754
24.73, -0.56, -0.081, 140.29, -1.210, 2177.5, 25.72, -0.68, -0.084, 180.0, -1.255, -0.0, 191.64, -1.299, 0.845, -0.759
24.88, -0.57, -0.082, 149.22, -1.228, 1082.9, 25.90, -0.69, -0.085, 180.0, -1.265, 0.0, 192.06, -1.308, 0.773, -0.760
25.03, -0.58, -0.083, 158.14, -1.262, 795.5, 26.08, -0.71, -0.087, 180.0, -1.274, -0.0, 192.37, -1.318, 0.700, -0.745
25.19, -0.60, -0.085, 158.14, -1.287, 347.7, 26.26, -0.72, -0.088, 180.0, -1.284, 0.0, 192.63, -1.327, 0.706, -0.732
25.34, -0.61, -0.086, 146.66, -1.337, 831.5, 26.44, -0.74, -0.089, 180.0, -1.293, 0.0, 192.95, -1.336, 0.816, -0.696
25.49, -0.62, -0.087, 167.07, -1.369, 1734.4, 26.62, -0.76, -0.091, 180.0, -1.302, 0.0, 193.23, -1.345, 0.638, -0.666
25.65, -0.64, -0.089, 154.32, -1.378, 2165.5, 26.80, -0.77, -0.092, 180.0, -1.312, -0.0, 193.46, -1.353, 0.759, -0.654
25.81, -0.65, -0.090, 159.42, -1.367, 2270.9, 26.98, -0.79, -0.093, 180.0, -1.321, 0.0, 193.74, -1.362, 0.719, -0.662
25.97, -0.67, -0.092, 164.52, -1.346, 1657.7, 27.16, -0.81, -0.094, 180.0, -1.330, 0.0, 193.95, -1.370, 0.678, -0.687
26.14, -0.68, -0.093, 176.00, -1.321, 1526.0, 27.34, -0.82, -0.096, 180.0, -1.340, -0.0, 194.07, -1.380, 0.578, -0.722
26.32, -0.70, -0.094, 181.10, -1.315, 845.8, 27.52, -0.84, -0.097, 180.0, -1.349, 0.0, 194.09, -1.389, 0.534, -0.748
26.50, -0.72, -0.095, 182.37, -1.328, 1322.4, 27.69, -0.86, -0.099, 180.0, -1.359, 0.0, 194.08, -1.399, 0.523, -0.759
26.67, -0.73, -0.097, 169.62, -1.360, 1600.3, 27.87, -0.88, -0.100, 180.0, -1.368, 0.0, 194.13, -1.408, 0.640, -0.751
26.85, -0.75, -0.098, 183.65, -1.396, 862.6, 28.05, -0.89, -0.101, 180.0, -1.377, -0.0, 194.18, -1.417, 0.516, -0.730
27.03, -0.77, -0.100, 183.65, -1.434, 330.9, 28.23, -0.91, -0.103, 180.0, -1.387, 0.0, 194.14, -1.426, 0.517, -0.702
27.21, -0.79, -0.101, 177.27, -1.467, -124.2, 28.41, -0.93, -0.104, 180.0, -1.396, 0.0, 194.14, -1.434, 0.575, -0.673
27.39, -0.81, -0.103, 181.10, -1.482, 12.4, 28.59, -0.95, -0.105, 180.0, -1.405, -0.0, 194.16, -1.443, 0.542, -0.657
27.58, -0.83, -0.104, 190.03, -1.490, 546.5, 28.77, -0.97, -0.107, 180.0, -1.415, -0.0, 194.10, -1.451, 0.462, -0.647
27.76, -0.85, -0.106, 181.10, -1.476, 929.7, 28.95, -0.99, -0.108, 180.0, -1.424, 0.0, 194.04, -1.459, 0.543, -0.659
27.94, -0.86, -0.107, 181.10, -1.465, 1269.7, 29.13, -1.01, -0.110, 180.0, -1.434, 0.0, 194.03, -1.468, 0.544, -0.675
28.12, -0.88, -0.108, 181.10, -1.463, 1538.0, 29.31, -1.03, -0.111, 180.0, -1.443, -0.0, 194.02, -1.477, 0.545, -0.689
28.30, -0.90, -0.110, 174.72, -1.447, 845.8, 29.48, -1.05, -0.113, 180.0, -1.452, -0.0, 194.05, -1.486, 0.604, -0.715
28.47, -0.92, -0.111, 178.55, -1.437, -52.3, 29.66, -1.07, -0.114, 180.0, -1.462, 0.0, 194.10, -1.495, 0.572, -0.741
28.65, -0.94, -0.113, 179.82, -1.460, -330.1, 29.84, -1.09, -0.116, 180.0, -1.471, 0.0, 194.11, -1.505, 0.562, -0.742
28.83, -0.96, -0.114, 182.37, -1.486, -105.0, 30.02, -1.11, -0.117, 180.0, -1.480, 0.0, 194.11, -1.514, 0.540, -0.734
29.01, -0.98, -0.116, 170.90, -1.508, 443.5, 30.20, -1.13, -0.118, 180.0, -1.490, -0.0, 194.15, -1.523, 0.645, -0.724
29.18, -1.01, -0.117, 182.37, -1.523, 826.7, 30.38, -1.15, -0.120, 180.0, -1.499, -0.0, 194.20, -1.532, 0.544, -0.717
29.36, -1.03, -0.119, 168.35, -1.507, 836.2, 30.56, -1.17, -0.121, 180.0, -1.509, 0.0, 194.26, -1.541, 0.673, -0.736
29.52, -1.05, -0.120, 172.17, -1.460, 668.6, 30.74, -1.20, -0.123, 180.0, -1.518, 0.0, 194.38, -1.550, 0.642, -0.789
29.70, -1.07, -0.122, 178.55, -1.420, 469.8, 30.91, -1.22, -0.124, 180.0, -1.527, -0.0, 194.44, -1.560, 0.587, -0.849
29.87, -1.09, -0.123, 167.07, -1.425, 984.7, 31.09, -1.24, -0.126, 180.0, -1.537, 0.0, 194.53, -1.571, 0.693, -0.880
30.04, -1.11, -0.125, 167.07, -1.460, 656.6, 31.27, -1.26, -0.128, 180.0, -1.546, 0.0, 194.69, -1.581, 0.697, -0.881
30.20, -1.13, -0.126, 165.79, -1.505, 1075.8, 31.45, -1.29, -0.129, 180.0, -1.556, 0.0, 194.85, -1.591, 0.713, -0.864
30.37, -1.15, -0.128, 174.72, -1.556, 1406.3, 31.63, -1.31, -0.131, 180.0, -1.565, 0.0, 194.98, -1.600, 0.636, -0.831
30.54, -1.17, -0.129, 168.35, -1.615, 508.1, 31.81, -1.33, -0.132, 180.0, -1.574, 0.0, 195.08, -1.609, 0.696, -0.783
30.71, -1.20, -0.131, 172.17, -1.677, -81.0, 31.99, -1.36, -0.134, 180.0, -1.584, 0.0, 195.20, -1.618, 0.666, -0.724
30.89, -1.22, -0.133, 184.92, -1.735, 814.7, 32.16, -1.38, -0.135, 180.0, -1.593, 0.0, 195.23, -1.625, 0.552, -0.660
31.07, -1.24, -0.134, 179.82, -1.756, 1461.3, 32.34, -1.41, -0.137, 180.0, -1.602, -0.0, 195.20, -1.633, 0.599, -0.620
31.25, -1.27, -0.136, 183.65, -1.746, 1693.7, 32.52, -1.43, -0.139, 180.0, -1.612, 0.0, 195.19, -1.640, 0.566, -0.612
31.42, -1.29, -0.138, 167.07, -1.698, 1679.3, 32.70, -1.46, -0.140, 180.0, -1.621, 0.0, 195.25, -1.648, 0.718, -0.644
31.59, -1.32, -0.139, 177.27, -1.636, 797.9, 32.88, -1.48, -0.142, 180.0, -1.631, 0.0, 195.35, -1.656, 0.629, -0.705
31.76, -1.34, -0.141, 172.17, -1.599, 359.6, 33.06, -1.51, -0.144, 180.0, -1.640, -0.0, 195.42, -1.666, 0.677, -0.761
31.93, -1.37, -0.143, 170.90, -1.573, 455.4, 33.23, -1.53, -0.145, 180.0, -1.649, 0.0, 195.53, -1.675, 0.692, -0.813
32.11, -1.39, -0.144, 176.00, -1.575, 694.9, 33.41, -1.56, -0.147, 180.0, -1.659, -0.0, 195.61, -1.685, 0.649, -0.844
32.28, -1.42, -0.146, 174.72, -1.591, -35.5, 33.59, -1.58, -0.148, 180.0, -1.668, 0.0, 195.67, -1.695, 0.663, -0.859
32.45, -1.44, -0.147, 167.07, -1.617, -138.5, 33.77, -1.61, -0.150, 180.0, -1.677, 0.0, 195.79, -1.705, 0.735, -0.860
32.62, -1.47, -0.149, 176.00, -1.634, 474.6, 33.95, -1.64, -0.152, 180.0, -1.687, 0.0, 195.89, -1.715, 0.658, -0.862
32.79, -1.49, -0.151, 172.17, -1.666, 769.2, 34.12, -1.67, -0.154, 180.0, -1.696, -0.0, 195.97, -1.725, 0.696, -0.849
32.97, -1.52, -0.152, 184.92, -1.676, 977.6, 34.30, -1.69, -0.155, 180.0, -1.706, 0.0, 195.99, -1.734, 0.583, -0.849
33.15, -1.55, -0.154, 181.10, -1.699, 1506.9, 34.48, -1.72, -0.157, 180.0, -1.715, -0.0, 195.97, -1.743, 0.618, -0.840
33.33, -1.58, -0.156, 182.37, -1.723, 1317.6, 34.66, -1.75, -0.159, 180.0, -1.724, -0.0, 195.95, -1.753, 0.608, -0.828
33.50, -1.60, -0.157, 170.90, -1.736, 1272.1, 34.83, -1.78, -0.160, 180.0, -1.734, 0.0, 196.00, -1.762, 0.713, -0.822
33.67, -1.63, -0.159, 172.17, -1.743, 553.6, 35.01, -1.81, -0.162, 180.0, -1.743, 0.0, 196.10, -1.771, 0.705, -0.823
33.84, -1.66, -0.161, 178.55, -1.785, 1085.3, 35.19, -1.84, -0.164, 180.0, -1.752, 0.0, 196.17, -1.779, 0.650, -0.795
34.02, -1.69, -0.163, 176.00, -1.838, 836.2, 35.37, -1.87, -0.166, 180.0, -1.762, 0.0, 196.21, -1.788, 0.675, -0.751
34.19, -1.72, -0.165, 179.82, -1.897, 295.0, 35.54, -1.90, -0.167, 180.0, -1.771, 0.0, 196.24, -1.796, 0.643, -0.693
34.37, -1.75, -0.167, 173.45, -1.938, 781.2, 35.72, -1.93, -0.169, 180.0, -1.781, -0.0, 196.28, -1.803, 0.702, -0.641
34.54, -1.78, -0.168, 182.37, -1.926, 1061.4, 35.90, -1.96, -0.171, 180.0, -1.790, 0.0, 196.32, -1.810, 0.624, -0.631
34.73, -1.81, -0.170, 186.20, -1.911, 1533.2, 36.08, -1.99, -0.173, 180.0, -1.799, 0.0, 196.27, -1.818, 0.590, -0.635
34.90, -1.84, -0.172, 177.27, -1.870, 1193.1, 36.25, -2.02, -0.175, 180.0, -1.809, 0.0, 196.26, -1.826, 0.672, -0.669
35.08, -1.87, -0.174, 177.27, -1.836, 1320.0, 36.43, -2.05, -0.176, 180.0, -1.818, 0.0, 196.30, -1.834, 0.674, -0.709
35.26, -1.90, -0.176, 181.10, -1.814, 1293.7, 36.61, -2.08, -0.178, 180.0, -1.828, 0.0, 196.31, -1.843, 0.641, -0.747
35.43, -1.93, -0.178, 183.65, -1.798, 1001.5, 36.79, -2.11, -0.180, 180.0, -1.837, 0.0, 196.29, -1.852, 0.619, -0.782
35.62, -1.97, -0.180, 184.92, -1.816, -466.6, 36.96, -2.15, -0.182, 180.0, -1.846, -0.0, 196.25, -1.862, 0.608, -0.791
35.80, -2.00, -0.181, 188.75, -1.833, -265.5, 37.14, -2.18, -0.184, 180.0, -1.856, 0.0, 196.17, -1.871, 0.574, -0.794
35.99, -2.03, -0.183, 188.75, -1.840, 448.3, 37.32, -2.21, -0.186, 180.0, -1.865, 0.0, 196.07, -1.880, 0.573, -0.801
36.17, -2.07, -0.185, 192.58, -1.816, 632.7, 37.49, -2.24, -0.187, 180.0, -1.874, -0.0, 195.95, -1.890, 0.538, -0.834
36.36, -2.11, -0.187, 190.03, -1.771, 524.9, 37.67, -2.28, -0.189, 180.0, -1.884, 0.0, 195.82, -1.900, 0.560, -0.893
36.55, -2.14, -0.189, 190.03, -1.718, -334.9, 37.85, -2.31, -0.191, 180.0, -1.893, 0.0, 195.71, -1.911, 0.560, -0.970
36.73, -2.18, -0.190, 186.20, -1.711, 194.4, 38.02, -2.35, -0.193, 180.0, -1.903, -0.0, 195.62, -1.922, 0.594, -1.020
36.91, -2.21, -0.192, 178.55, -1.715, 230.3, 38.20, -2.38, -0.195, 180.0, -1.912, 0.0, 195.59, -1.933, 0.664, -1.057
37.09, -2.25, -0.194, 195.13, -1.752, -35.5, 38.38, -2.42, -0.197, 180.0, -1.921, 0.0, 195.52, -1.944, 0.514, -1.064
37.29, -2.29, -0.196, 196.40, -1.829, 187.2, 38.55, -2.45, -0.199, 180.0, -1.931, 0.0, 195.33, -1.955, 0.501, -1.026
37.47, -2.32, -0.197, 182.37, -1.904, 352.5, 38.73, -2.49, -0.201, 180.0, -1.940, 0.0, 195.23, -1.965, 0.627, -0.972
37.66, -2.36, -0.199, 191.30, -1.982, 1008.7, 38.91, -2.52, -0.203, 180.0, -1.949, 0.0, 195.15, -1.974, 0.546, -0.903
37.84, -2.40, -0.201, 179.82, -2.037, 754.8, 39.08, -2.56, -0.205, 180.0, -1.959, 0.0, 195.09, -1.982, 0.650, -0.842
38.02, -2.43, -0.203, 188.75, -2.082, 192.0, 39.26, -2.60, -0.207, 180.0, -1.968, 0.0, 195.04, -1.990, 0.570, -0.786
38.20, -2.47, -0.206, 188.75, -2.104, 908.1, 39.44, -2.63, -0.209, 180.0, -1.978, 0.0, 194.94, -1.998, 0.569, -0.748
38.39, -2.51, -0.208, 198.95, -2.125, 723.7, 39.61, -2.67, -0.211, 180.0, -1.987, -0.0, 194.78, -2.005, 0.476, -0.714
38.58, -2.55, -0.210, 191.30, -2.141, 249.5, 39.79, -2.71, -0.213, 180.0, -1.996, -0.0, 194.60, -2.013, 0.543, -0.687
38.77, -2.59, -0.212, 182.37, -2.132, 465.0, 39.96, -2.75, -0.215, 180.0, -2.006, 0.0, 194.53, -2.020, 0.623, -0.682
38.95, -2.63, -0.214, 188.75, -2.113, 659.0, 40.14, -2.79, -0.217, 180.0, -2.015, -0.0, 194.46, -2.028, 0.566, -0.693
39.13, -2.67, -0.216, 190.03, -2.094, 481.8, 40.31, -2.83, -0.219, 180.0, -2.024, 0.0, 194.35, -2.035, 0.554, -0.712
39.32, -2.71, -0.218, 191.30, -2.070, 220.7, 40.49, -2.86, -0.221, 180.0, -2.034, -0.0, 194.23, -2.044, 0.541, -0.740
39.50, -2.75, -0.220, 187.48, -2.036, -26.0, 40.67, -2.90, -0.223, 180.0, -2.043, 0.0, 194.12, -2.053, 0.575, -0.783
39.69, -2.80, -0.222, 191.30, -1.997, 290.2, 40.84, -2.94, -0.225, 180.0, -2.053, 0.0, 194.01, -2.062, 0.540, -0.838
39.88, -2.84, -0.224, 201.50, -1.961, 268.6, 41.02, -2.98, -0.227, 180.0, -2.062, 0.0, 193.82, -2.072, 0.446, -0.897
40.08, -2.89, -0.226, 202.78, -1.933, -231.9, 41.19, -3.02, -0.229, 180.0, -2.071, 0.0, 193.56, -2.083, 0.431, -0.956
40.27, -2.93, -0.228, 196.40, -1.920, -533.7, 41.37, -3.07, -0.231, 180.0, -2.081, 0.0, 193.32, -2.093, 0.485, -1.004
40.47, -2.98, -0.230, 216.81, -1.938, -900.1, 41.54, -3.11, -0.233, 180.0, -2.090, 0.0, 193.00, -2.104, 0.297, -1.027
40.67, -3.03, -0.232, 196.40, -2.013, 69.8, 41.72, -3.15, -0.235, 180.0, -2.100, 0.0, 192.68, -2.115, 0.476, -0.994
40.86, -3.07, -0.234, 188.75, -2.091, 139.3, 41.89, -3.19, -0.237, 180.0, -2.109, 0.0, 192.54, -2.125, 0.543, -0.938
41.04, -3.11, -0.236, 191.30, -2.164, -442.7, 42.07, -3.23, -0.239, 180.0, -2.118, 0.0, 192.42, -2.134, 0.519, -0.873
41.23, -3.16, -0.238, 182.37, -2.220, -567.2, 42.24, -3.28, -0.241, 180.0, -2.128, 0.0, 192.34, -2.142, 0.599, -0.811
41.41, -3.20, -0.241, 188.75, -2.235, -344.5, 42.42, -3.32, -0.244, 180.0, -2.137, 0.0, 192.27, -2.150, 0.542, -0.778
41.59, -3.25, -0.243, 188.75, -2.214, 563.2, 42.59, -3.36, -0.246, 180.0, -2.146, 0.0, 192.17, -2.158, 0.541, -0.783
41.78, -3.29, -0.245, 195.13, -2.170, 675.8, 42.77, -3.41, -0.248, 180.0, -2.156, -0.0, 192.03, -2.166, 0.482, -0.819
41.96, -3.34, -0.247, 191.30, -2.135, 948.8, 42.94, -3.45, -0.250, 180.0, -2.165, 0.0, 191.87, -2.175, 0.515, -0.864
42.15, -3.39, -0.249, 191.30, -2.124, 1056.6, 43.12, -3.50, -0.252, 180.0, -2.175, 0.0, 191.74, -2.185, 0.513, -0.895
42.33, -3.44, -0.251, 192.58, -2.131, 402.8, 43.29, -3.54, -0.254, 180.0, -2.184, 0.0, 191.59, -2.195, 0.500, -0.913
42.53, -3.49, -0.254, 201.50, -2.181, 2.8, 43.46, -3.59, -0.257, 180.0, -2.193, 0.0, 191.39, -2.204, 0.417, -0.891
42.72, -3.54, -0.256, 206.61, -2.225, -442.7, 43.64, -3.63, -0.259, 180.0, -2.203, -0.0, 191.10, -2.213, 0.367, -0.861
42.92, -3.59, -0.258, 196.40, -2.261, -392.4, 43.81, -3.68, -0.261, 180.0, -2.212, 0.0, 190.84, -2.222, 0.455, -0.830
43.10, -3.64, -0.260, 188.75, -2.254, -548.1, 43.99, -3.73, -0.263, 180.0, -2.221, 0.0, 190.68, -2.230, 0.522, -0.830
43.29, -3.69, -0.263, 206.61, -2.225, -1228.3, 44.16, -3.77, -0.265, 180.0, -2.231, 0.0, 190.47, -2.239, 0.359, -0.857
43.50, -3.75, -0.265, 218.08, -2.203, -957.6, 44.33, -3.82, -0.268, 180.0, -2.240, -0.0, 190.08, -2.249, 0.249, -0.890
43.71, -3.80, -0.267, 220.63, -2.188, -605.6, 44.51, -3.87, -0.270, 180.0, -2.250, -0.0, 189.60, -2.259, 0.219, -0.922
43.92, -3.86, -0.269, 215.53, -2.202, -215.2, 44.68, -3.92, -0.272, 180.0, -2.259, 0.0, 189.13, -2.268, 0.257, -0.933
44.12, -3.92, -0.271, 204.06, -2.222, -339.7, 44.85, -3.96, -0.274, 180.0, -2.268, 0.0, 188.77, -2.278, 0.355, -0.935
44.33, -3.98, -0.274, 221.91, -2.249, -636.7, 45.03, -4.01, -0.277, 180.0, -2.278, 0.0, 188.36, -2.288, 0.188, -0.926
44.54, -4.04, -0.276, 218.08, -2.315, -1467.8, 45.20, -4.06, -0.279, 180.0, -2.287, 0.0, 187.87, -2.297, 0.214, -0.879
44.74, -4.09, -0.278, 200.23, -2.387, -2021.0, 45.37, -4.11, -0.281, 180.0, -2.296, 0.0, 187.52, -2.306, 0.369, -0.814
44.93, -4.15, -0.281, 187.48, -2.473, -1508.5, 45.55, -4.16, -0.284, 180.0, -2.306, 0.0, 187.35, -2.313, 0.481, -0.725
45.13, -4.20, -0.283, 224.46, -2.531, -1194.7, 45.72, -4.21, -0.286, 180.0, -2.315, 0.0, 187.03, -2.320, 0.143, -0.646
45.34, -4.27, -0.286, 224.46, -2.565, -346.9, 45.89, -4.26, -0.288, 180.0, -2.325, -0.0, 186.48, -2.326, 0.134, -0.583
45.55, -4.33, -0.288, 206.61, -2.573, 108.2, 46.06, -4.32, -0.291, 180.0, -2.334, 0.0, 186.04, -2.333, 0.288, -0.544
45.76, -4.39, -0.291, 234.66, -2.534, 419.5, 46.24, -4.37, -0.293, 180.0, -2.343, 0.0, 185.54, -2.339, 0.027, -0.550
45.98, -4.46, -0.293, 219.36, -2.492, 433.9, 46.41, -4.42, -0.295, 180.0, -2.353, 0.0, 184.96, -2.346, 0.155, -0.576
46.19, -4.52, -0.296, 223.19, -2.444, -265.5, 46.58, -4.47, -0.298, 180.0, -2.362, 0.0, 184.45, -2.354, 0.112, -0.620
46.39, -4.59, -0.298, 210.43, -2.413, -995.9, 46.75, -4.53, -0.300, 180.0, -2.372, -0.0, 183.99, -2.363, 0.219, -0.659
46.60, -4.65, -0.301, 227.01, -2.393, -2066.5, 46.92, -4.58, -0.302, 180.0, -2.381, 0.0, 183.51, -2.372, 0.061, -0.694
46.82, -4.72, -0.303, 233.39, -2.415, -2291.6, 47.10, -4.63, -0.305, 180.0, -2.390, 0.0, 182.89, -2.381, -0.007, -0.695
47.05, -4.79, -0.306, 233.39, -2.439, -2286.9, 47.27, -4.69, -0.307, 180.0, -2.400, 0.0, 182.22, -2.390, -0.019, -0.685
47.26, -4.86, -0.308, 225.74, -2.458, -2203.0, 47.44, -4.74, -0.310, 180.0, -2.409, 0.0, 181.61, -2.398, 0.039, -0.673
47.48, -4.93, -0.310, 228.29, -2.459, -1896.5, 47.61, -4.80, -0.312, 180.0, -2.418, 0.0, 181.02, -2.407, 0.006, -0.673
47.70, -5.00, -0.313, 221.91, -2.427, -1922.8, 47.78, -4.85, -0.314, 180.0, -2.428, -0.0, 180.46, -2.416, 0.054, -0.704
47.90, -5.07, -0.315, 215.53, -2.409, -1678.5, 47.95, -4.91, -0.317, 180.0, -2.437, -0.0, 179.98, -2.426, 0.103, -0.734
48.11, -5.13, -0.318, 221.91, -2.384, -1587.5, 48.12, -4.96, -0.319, 180.0, -2.447, 0.0, 179.49, -2.436, 0.037, -0.773
48.31, -5.20, -0.320, 207.88, -2.367, -1700.1, 48.29, -5.02, -0.322, 180.0, -2.456, 0.0, 179.05, -2.446, 0.155, -0.812
48.51, -5.27, -0.322, 200.23, -2.358, -1913.2, 48.47, -5.08, -0.324, 180.0, -2.465, 0.0, 178.75, -2.457, 0.218, -0.845
48.69, -5.33, -0.325, 178.55, -2.366, -1961.1, 48.64, -5.14, -0.327, 180.0, -2.475, 0.0, 178.63, -2.468, 0.411, -0.866
48.86, -5.39, -0.327, 188.75, -2.396, -1906.0, 48.81, -5.19, -0.329, 180.0, -2.484, 0.0, 178.58, -2.478, 0.318, -0.864
49.04, -5.45, -0.330, 195.13, -2.455, -1336.0, 48.98, -5.25, -0.332, 180.0, -2.493, -0.0, 178.42, -2.488, 0.258, -0.831
49.22, -5.51, -0.332, 188.75, -2.510, -1415.1, 49.15, -5.31, -0.334, 180.0, -2.503, -0.0, 178.27, -2.498, 0.313, -0.789
49.39, -5.57, -0.335, 170.90, -2.561, -687.0, 49.32, -5.37, -0.337, 180.0, -2.512, 0.0, 178.26, -2.507, 0.473, -0.740
49.56, -5.63, -0.337, 188.75, -2.578, -69.1, 49.49, -5.43, -0.339, 180.0, -2.522, -0.0, 178.26, -2.516, 0.312, -0.715
49.74, -5.69, -0.340, 179.82, -2.549, 127.3, 49.66, -5.49, -0.342, 180.0, -2.531, -0.0, 178.20, -2.525, 0.392, -0.732
49.90, -5.75, -0.342, 170.90, -2.518, 362.0, 49.83, -5.55, -0.344, 180.0, -2.540, 0.0, 178.25, -2.535, 0.473, -0.764
50.06, -5.81, -0.345, 165.79, -2.488, 62.7, 49.99, -5.61, -0.347, 180.0, -2.550, 0.0, 178.39, -2.545, 0.521, -0.806
50.22, -5.86, -0.347, 176.00, -2.478, 96.2, 50.16, -5.67, -0.349, 180.0, -2.559, 0.0, 178.50, -2.555, 0.431, -0.839
50.39, -5.92, -0.350, 174.72, -2.468, -148.1, 50.33, -5.73, -0.352, 180.0, -2.568, 0.0, 178.55, -2.566, 0.443, -0.872
50.55, -5.98, -0.352, 169.62, -2.449, -488.2, 50.50, -5.80, -0.354, 180.0, -2.578, 0.0, 178.64, -2.576, 0.491, -0.915
50.71, -6.04, -0.355, 177.27, -2.417, -852.2, 50.67, -5.86, -0.357, 180.0, -2.587, 0.0, 178.72, -2.588, 0.423, -0.972
50.88, -6.11, -0.357, 173.45, -2.423, 17.2, 50.84, -5.92, -0.360, 180.0, -2.597, 0.0, 178.77, -2.599, 0.458, -1.005
51.03, -6.17, -0.359, 165.79, -2.453, 352.5, 51.01, -5.99, -0.362, 180.0, -2.606, 0.0, 178.89, -2.611, 0.529, -1.013
51.19, -6.23, -0.362, 173.45, -2.528, 93.8, 51.18, -6.05, -0.365, 180.0, -2.615, 0.0, 179.02, -2.622, 0.463, -0.975
51.35, -6.29, -0.365, 164.52, -2.594, -227.1, 51.34, -6.11, -0.367, 180.0, -2.625, 0.0, 179.15, -2.632, 0.545, -0.927
51.51, -6.35, -0.367, 176.00, -2.634, -452.3, 51.51, -6.18, -0.370, 180.0, -2.634, 0.0, 179.27, -2.642, 0.444, -0.891
51.68, -6.41, -0.370, 178.55, -2.654, -667.8, 51.68, -6.24, -0.373, 180.0, -2.644, 0.0, 179.30, -2.651, 0.422, -0.869
51.84, -6.48, -0.372, 182.37, -2.664, -121.8, 51.85, -6.31, -0.375, 180.0, -2.653, 0.0, 179.29, -2.661, 0.387, -0.858
52.01, -6.54, -0.375, 173.45, -2.670, 860.2, 52.01, -6.38, -0.378, 180.0, -2.662, 0.0, 179.31, -2.670, 0.468, -0.855
52.18, -6.61, -0.378, 184.92, -2.659, 1260.2, 52.18, -6.44, -0.381, 180.0, -2.672, -0.0, 179.31, -2.680, 0.364, -0.869
52.35, -6.68, -0.380, 183.65, -2.639, 584.8, 52.35, -6.51, -0.383, 180.0, -2.681, 0.0, 179.25, -2.689, 0.375, -0.897
52.53, -6.75, -0.383, 201.50, -2.617, -279.8, 52.52, -6.58, -0.386, 180.0, -2.690, 0.0, 179.09, -2.700, 0.211, -0.934
52.71, -6.82, -0.386, 200.23, -2.635, -152.9, 52.68, -6.65, -0.389, 180.0, -2.700, 0.0, 178.82, -2.710, 0.218, -0.944
52.89, -6.90, -0.388, 192.58, -2.657, -239.1, 52.85, -6.71, -0.391, 180.0, -2.709, 0.0, 178.61, -2.720, 0.283, -0.944
53.07, -6.97, -0.391, 196.40, -2.709, 81.8, 53.02, -6.78, -0.394, 180.0, -2.719, 0.0, 178.42, -2.730, 0.245, -0.915
53.26, -7.05, -0.394, 206.61, -2.723, -849.8, 53.18, -6.85, -0.397, 180.0, -2.728, -0.0, 178.14, -2.740, 0.148, -0.906
53.45, -7.13, -0.396, 202.78, -2.723, -2076.1, 53.35, -6.92, -0.400, 180.0, -2.737, 0.0, 177.82, -2.749, 0.177, -0.911
53.64, -7.21, -0.399, 219.36, -2.730, -2500.0, 53.51, -6.99, -0.402, 180.0, -2.747, -0.0, 177.42, -2.759, 0.020, -0.915
53.84, -7.29, -0.402, 206.61, -2.765, -1819.8, 53.68, -7.06, -0.405, 180.0, -2.756, 0.0, 177.00, -2.769, 0.128, -0.895
54.03, -7.37, -0.405, 200.23, -2.798, -1484.5, 53.84, -7.13, -0.408, 180.0, -2.765, 0.0, 176.69, -2.778, 0.179, -0.871
54.22, -7.46, -0.408, 218.08, -2.807, -1247.4, 54.01, -7.21, -0.411, 180.0, -2.775, 0.0, 176.32, -2.787, 0.012, -0.863
54.41, -7.54, -0.410, 212.98, -2.785, -1673.7, 54.17, -7.28, -0.413, 180.0, -2.784, 0.0, 175.86, -2.797, 0.049, -0.884
54.61, -7.63, -0.413, 211.71, -2.745, -1956.3, 54.34, -7.35, -0.416, 180.0, -2.794, 0.0, 175.44, -2.806, 0.053, -0.929
54.80, -7.71, -0.416, 210.43, -2.738, -1319.3, 54.50, -7.42, -0.419, 180.0, -2.803, 0.0, 175.04, -2.817, 0.057, -0.959
54.99, -7.80, -0.419, 205.33, -2.733, -1089.3, 54.67, -7.50, -0.422, 180.0, -2.812, -0.0, 174.68, -2.827, 0.096, -0.988
55.18, -7.88, -0.421, 209.16, -2.732, -816.3, 54.83, -7.57, -0.425, 180.0, -2.822, -0.0, 174.32, -2.838, 0.055, -1.014
55.37, -7.97, -0.424, 212.98, -2.729, -1240.2, 55.00, -7.65, -0.427, 180.0, -2.831, 0.0, 173.92, -2.849, 0.013, -1.041
55.57, -8.06, -0.427, 209.16, -2.751, -1496.5, 55.16, -7.72, -0.430, 180.0, -2.840, 0.0, 173.51, -2.860, 0.040, -1.048
55.76, -8.15, -0.430, 215.53, -2.772, -1546.8, 55.32, -7.80, -0.433, 180.0, -2.850, 0.0, 173.09, -2.871, -0.025, -1.051
55.95, -8.23, -0.432, 202.78, -2.816, -727.7, 55.49, -7.87, -0.436, 180.0, -2.859, -0.0, 172.71, -2.881, 0.082, -1.031
56.13, -8.32, -0.435, 198.95, -2.844, -1017.5, 55.65, -7.95, -0.439, 180.0, -2.869, 0.0, 172.44, -2.892, 0.111, -1.015
56.31, -8.40, -0.438, 198.95, -2.894, -1276.2, 55.81, -8.02, -0.442, 180.0, -2.878, 0.0, 172.18, -2.901, 0.106, -0.980
56.49, -8.49, -0.441, 205.33, -2.950, -1240.2, 55.97, -8.10, -0.445, 180.0, -2.887, 0.0, 171.89, -2.911, 0.043, -0.930
56.68, -8.58, -0.444, 202.78, -3.002, -2042.6, 56.14, -8.18, -0.447, 180.0, -2.897, -0.0, 171.57, -2.919, 0.059, -0.877
56.86, -8.66, -0.447, 202.78, -3.037, -2883.2, 56.30, -8.26, -0.450, 180.0, -2.906, 0.0, 171.27, -2.928, 0.053, -0.833
57.04, -8.75, -0.450, 195.13, -3.065, -2037.8, 56.46, -8.34, -0.453, 180.0, -2.915, 0.0, 171.02, -2.936, 0.117, -0.793
57.21, -8.83, -0.453, 192.58, -3.069, -1556.4, 56.62, -8.41, -0.456, 180.0, -2.925, -0.0, 170.83, -2.944, 0.136, -0.774
57.38, -8.92, -0.456, 186.20, -3.044, -1671.3, 56.78, -8.49, -0.459, 180.0, -2.934, 0.0, 170.70, -2.952, 0.190, -0.785
57.56, -9.00, -0.459, 196.40, -2.989, -1276.2, 56.95, -8.57, -0.462, 180.0, -2.944, -0.0, 170.55, -2.961, 0.095, -0.832
57.73, -9.09, -0.462, 184.92, -2.913, -1261.8, 57.11, -8.65, -0.465, 180.0, -2.953, -0.0, 170.40, -2.971, 0.195, -0.914
57.89, -9.17, -0.465, 184.92, -2.827, -1182.8, 57.27, -8.74, -0.468, 180.0, -2.962, -0.0, 170.32, -2.982, 0.193, -1.021
58.06, -9.25, -0.468, 184.92, -2.771, -414.0, 57.43, -8.82, -0.471, 180.0, -2.972, 0.0, 170.25, -2.994, 0.191, -1.119
58.22, -9.34, -0.470, 186.20, -2.745, -325.3, 57.59, -8.90, -0.474, 180.0, -2.981, 0.0, 170.17, -3.006, 0.177, -1.198
58.39, -9.42, -0.473, 181.10, -2.751, -651.1, 57.75, -8.98, -0.477, 180.0, -2.991, 0.0, 170.11, -3.019, 0.221, -1.250
58.55, -9.51, -0.476, 183.65, -2.777, -279.8, 57.91, -9.06, -0.480, 180.0, -3.000, 0.0, 170.07, -3.032, 0.197, -1.276
58.71, -9.59, -0.479, 190.03, -2.808, -1072.6, 58.07, -9.15, -0.483, 180.0, -3.009, 0.0, 169.97, -3.045, 0.137, -1.288
58.88, -9.68, -0.482, 188.75, -2.834, -1266.6, 58.23, -9.23, -0.486, 180.0, -3.019, -0.0, 169.84, -3.057, 0.145, -1.299
59.05, -9.77, -0.484, 190.03, -2.882, -943.2, 58.39, -9.32, -0.489, 180.0, -3.028, 0.0, 169.71, -3.069, 0.130, -1.286
59.21, -9.85, -0.487, 179.82, -2.941, -969.6, 58.54, -9.40, -0.492, 180.0, -3.037, 0.0, 169.64, -3.081, 0.220, -1.255
59.37, -9.94, -0.490, 182.37, -3.005, -964.8, 58.70, -9.49, -0.495, 180.0, -3.047, 0.0, 169.61, -3.091, 0.196, -1.210
59.53, -10.03, -0.493, 179.82, -3.072, -617.5, 58.86, -9.57, -0.498, 180.0, -3.056, -0.0, 169.59, -3.102, 0.218, -1.154
59.69, -10.11, -0.497, 183.65, -3.129, -909.7, 59.02, -9.66, -0.501, 180.0, -3.066, 0.0, 169.55, -3.111, 0.182, -1.098
59.85, -10.20, -0.500, 181.10, -3.160, -1482.1, 59.18, -9.74, -0.504, 180.0, -3.075, 0.0, 169.51, -3.120, 0.203, -1.060
60.01, -10.29, -0.503, 183.65, -3.196, -1666.5, 59.33, -9.83, -0.507, 180.0, -3.084, -0.0, 169.47, -3.129, 0.179, -1.018
60.17, -10.38, -0.506, 184.92, -3.231, -1534.8, 59.49, -9.92, -0.510, 180.0, -3.094, 0.0, 169.41, -3.137, 0.165, -0.977
60.33, -10.47, -0.509, 182.37, -3.252, -976.8, 59.65, -10.01, -0.513, 180.0, -3.103, 0.0, 169.35, -3.145, 0.186, -0.946
60.49, -10.55, -0.513, 179.82, -3.257, -342.1, 59.81, -10.10, -0.517, 180.0, -3.112, 0.0, 169.32, -3.153, 0.208, -0.930
60.64, -10.64, -0.516, 173.45, -3.235, -196.0, 59.96, -10.19, -0.520, 180.0, -3.122, -0.0, 169.36, -3.162, 0.265, -0.941
60.80, -10.73, -0.519, 177.27, -3.185, -576.8, 60.12, -10.27, -0.523, 180.0, -3.131, 0.0, 169.41, -3.170, 0.230, -0.987
60.95, -10.82, -0.522, 174.72, -3.138, -955.2, 60.27, -10.36, -0.526, 180.0, -3.141, 0.0, 169.45, -3.180, 0.253, -1.044
61.10, -10.90, -0.525, 174.72, -3.103, -801.9, 60.43, -10.46, -0.529, 180.0, -3.150, 0.0, 169.51, -3.190, 0.253, -1.101
61.25, -10.99, -0.528, 165.79, -3.074, -282.2, 60.58, -10.55, -0.532, 180.0, -3.159, 0.0, 169.63, -3.201, 0.335, -1.158
61.39, -11.08, -0.531, 173.45, -3.055, -279.8, 60.74, -10.64, -0.535, 180.0, -3.169, 0.0, 169.75, -3.212, 0.267, -1.211
61.54, -11.16, -0.534, 173.45, -3.032, -507.4, 60.89, -10.73, -0.539, 180.0, -3.178, 0.0, 169.83, -3.224, 0.268, -1.268
61.69, -11.25, -0.537, 169.62, -3.010, -706.1, 61.05, -10.82, -0.542, 180.0, -3.187, 0.0, 169.93, -3.236, 0.303, -1.327
61.84, -11.34, -0.540, 172.17, -2.999, -883.4, 61.20, -10.92, -0.545, 180.0, -3.197, 0.0, 170.04, -3.248, 0.281, -1.380
61.98, -11.43, -0.544, 169.62, -3.015, -373.2, 61.36, -11.01, -0.548, 180.0, -3.206, 0.0, 170.15, -3.261, 0.305, -1.411
62.13, -11.52, -0.547, 174.72, -3.041, -179.2, 61.51, -11.10, -0.551, 180.0, -3.216, 0.0, 170.25, -3.273, 0.260, -1.427
62.28, -11.61, -0.550, 173.45, -3.082, -299.0, 61.66, -11.20, -0.555, 180.0, -3.225, 0.0, 170.31, -3.285, 0.272, -1.424
62.43, -11.70, -0.553, 174.72, -3.129, -325.3, 61.82, -11.29, -0.558, 180.0, -3.234, 0.0, 170.38, -3.297, 0.261, -1.408
62.57, -11.79, -0.556, 165.79, -3.181, -512.1, 61.97, -11.39, -0.561, 180.0, -3.244, 0.0, 170.50, -3.308, 0.343, -1.380
62.72, -11.88, -0.559, 176.00, -3.222, -327.7, 62.12, -11.48, -0.564, 180.0, -3.253, -0.0, 170.62, -3.318, 0.252, -1.354
62.86, -11.97, -0.562, 161.97, -3.280, -291.8, 62.27, -11.58, -0.568, 180.0, -3.263, -0.0, 170.75, -3.328, 0.380, -1.311
63.00, -12.06, -0.566, 161.97, -3.338, -148.1, 62.42, -11.68, -0.571, 180.0, -3.272, 0.0, 170.98, -3.338, 0.383, -1.259
63.13, -12.14, -0.569, 160.69, -3.390, 299.8, 62.58, -11.78, -0.574, 180.0, -3.281, 0.0, 171.22, -3.347, 0.398, -1.206
63.27, -12.23, -0.572, 158.14, -3.422, 536.9, 62.73, -11.87, -0.577, 180.0, -3.291, -0.0, 171.48, -3.355, 0.425, -1.165
63.40, -12.31, -0.576, 149.22, -3.425, 256.7, 62.88, -11.97, -0.581, 180.0, -3.300, 0.0, 171.82, -3.363, 0.510, -1.150
63.52, -12.40, -0.579, 160.69, -3.401, 213.5, 63.03, -12.07, -0.584, 180.0, -3.309, 0.0, 172.15, -3.372, 0.412, -1.164
63.66, -12.49, -0.583, 155.59, -3.377, 283.0, 63.18, -12.17, -0.587, 180.0, -3.319, 0.0, 172.43, -3.381, 0.462, -1.190
63.79, -12.57, -0.586, 156.87, -3.352, 383.6, 63.33, -12.27, -0.591, 180.0, -3.328, 0.0, 172.74, -3.390, 0.455, -1.226
63.92, -12.66, -0.589, 158.14, -3.324, 685.4, 63.48, -12.37, -0.594, 180.0, -3.338, 0.0, 173.03, -3.400, 0.448, -1.270
64.05, -12.75, -0.593, 163.24, -3.305, 915.3, 63.63, -12.47, -0.597, 180.0, -3.347, 0.0, 173.28, -3.410, 0.406, -1.312
64.18, -12.84, -0.596, 153.04, -3.294, 426.7, 63.77, -12.57, -0.601, 180.0, -3.356, 0.0, 173.56, -3.420, 0.502, -1.351
64.31, -12.93, -0.599, 159.42, -3.288, -9.2, 63.92, -12.68, -0.604, 180.0, -3.365, 0.0, 173.88, -3.430, 0.450, -1.385
64.44, -13.02, -0.603, 158.14, -3.292, -279.8, 64.07, -12.78, -0.607, 180.0, -3.373, 0.0, 174.15, -3.440, 0.466, -1.411
64.57, -13.11, -0.606, 160.69, -3.305, -366.0, 64.22, -12.88, -0.611, 180.0, -3.380, 0.0, 174.42, -3.449, 0.447, -1.426
64.70, -13.20, -0.609, 159.42, -3.326, 127.3, 64.37, -12.98, -0.614, 180.0, -3.388, 0.0, 174.68, -3.457, 0.462, -1.431
64.84, -13.29, -0.612, 163.24, -3.340, 577.6, 64.51, -13.09, -0.618, 180.0, -3.394, -0.0, 174.93, -3.465, 0.432, -1.436
64.97, -13.39, -0.616, 163.24, -3.344, 235.1, 64.66, -13.19, -0.621, 180.0, -3.400, 0.0, 175.15, -3.472, 0.435, -1.449
65.10, -13.48, -0.619, 168.35, -3.319, 21.9, 64.80, -13.30, -0.624, 180.0, -3.406, 0.0, 175.34, -3.479, 0.392, -1.486
65.24, -13.58, -0.622, 163.24, -3.330, -124.2, 64.95, -13.40, -0.628, 180.0, -3.411, 0.0, 175.53, -3.486, 0.441, -1.501
65.37, -13.68, -0.626, 169.62, -3.366, -325.3, 65.10, -13.51, -0.631, 180.0, -3.415, 0.0, 175.71, -3.491, 0.386, -1.491
65.51, -13.77, -0.629, 161.97, -3.420, 141.7, 65.24, -13.62, -0.635, 180.0, -3.419, 0.0, 175.89, -3.496, 0.458, -1.457
65.64, -13.87, -0.633, 170.90, -3.479, 524.9, 65.39, -13.72, -0.638, 180.0, -3.423, 0.0, 176.07, -3.499, 0.380, -1.406
65.78, -13.97, -0.636, 167.07, -3.524, 359.6, 65.53, -13.83, -0.641, 180.0, -3.426, 0.0, 176.22, -3.502, 0.417, -1.357
65.91, -14.07, -0.640, 165.79, -3.543, 60.3, 65.67, -13.94, -0.645, 180.0, -3.428, -0.0, 176.40, -3.503, 0.431, -1.324
66.05, -14.17, -0.643, 168.35, -3.562, 158.5, 65.82, -14.05, -0.648, 180.0, -3.430, 0.0, 176.58, -3.504, 0.411, -1.293
66.18, -14.28, -0.647, 174.72, -3.563, -140.9, 65.96, -14.16, -0.652, 180.0, -3.432, 0.0, 176.69, -3.504, 0.355, -1.277
66.32, -14.38, -0.650, 168.35, -3.554, -227.1, 66.10, -14.27, -0.655, 180.0, -3.433, 0.0, 176.80, -3.503, 0.414, -1.273
66.46, -14.48, -0.654, 174.72, -3.549, 441.1, 66.25, -14.37, -0.659, 180.0, -3.433, 0.0, 176.92, -3.502, 0.358, -1.270
66.59, -14.59, -0.657, 168.35, -3.533, 455.4, 66.39, -14.49, -0.662, 180.0, -3.433, -0.0, 177.03, -3.501, 0.418, -1.278
66.72, -14.69, -0.661, 168.35, -3.509, -385.2, 66.53, -14.60, -0.665, 180.0, -3.433, -0.0, 177.19, -3.500, 0.420, -1.296
66.85, -14.79, -0.664, 160.69, -3.494, -16.4, 66.67, -14.71, -0.669, 180.0, -3.433, -0.0, 177.40, -3.499, 0.492, -1.313
66.99, -14.90, -0.668, 176.00, -3.474, 290.2, 66.81, -14.82, -0.672, 180.0, -3.433, 0.0, 177.55, -3.499, 0.357, -1.335
67.12, -15.00, -0.671, 164.52, -3.462, -76.3, 66.95, -14.93, -0.676, 180.0, -3.433, 0.0, 177.69, -3.499, 0.462, -1.352
67.25, -15.11, -0.675, 178.55, -3.437, -555.3, 67.09, -15.04, -0.679, 180.0, -3.433, 0.0, 177.80, -3.499, 0.338, -1.382
67.39, -15.22, -0.678, 165.79, -3.409, -732.5, 67.23, -15.16, -0.683, 180.0, -3.433, 0.0, 177.91, -3.499, 0.454, -1.419
67.52, -15.33, -0.682, 174.72, -3.387, -1108.5, 67.37, -15.27, -0.686, 180.0, -3.433, 0.0, 178.04, -3.500, 0.376, -1.455
67.65, -15.44, -0.685, 169.62, -3.409, -176.8, 67.51, -15.39, -0.689, 180.0, -3.433, 0.0, 178.14, -3.500, 0.424, -1.456
67.78, -15.54, -0.689, 164.52, -3.453, 582.4, 67.65, -15.50, -0.693, 180.0, -3.433, 0.0, 178.32, -3.501, 0.472, -1.429
67.91, -15.65, -0.692, 163.24, -3.512, 496.2, 67.79, -15.62, -0.696, 180.0, -3.433, 0.0, 178.53, -3.500, 0.487, -1.377
68.04, -15.75, -0.696, 174.72, -3.562, 304.6, 67.93, -15.73, -0.700, 180.0, -3.433, 0.0, 178.68, -3.499, 0.386, -1.319
68.17, -15.86, -0.699, 163.24, -3.587, 266.2, 68.07, -15.85, -0.703, 180.0, -3.433, 0.0, 178.83, -3.497, 0.492, -1.276
68.29, -15.97, -0.703, 169.62, -3.593, 0.4, 68.20, -15.96, -0.707, 180.0, -3.433, 0.0, 179.02, -3.495, 0.438, -1.247
68.42, -16.08, -0.706, 163.24, -3.589, -88.2, 68.34, -16.08, -0.710, 180.0, -3.433, 0.0, 179.20, -3.493, 0.498, -1.231
68.54, -16.18, -0.710, 161.97, -3.564, 644.6, 68.48, -16.20, -0.714, 180.0, -3.433, 0.0, 179.43, -3.491, 0.514, -1.236
68.67, -16.29, -0.713, 161.97, -3.521, 991.9, 68.61, -16.32, -0.717, 180.0, -3.433, 0.0, 179.68, -3.490, 0.518, -1.266
68.79, -16.40, -0.717, 165.79, -3.471, 826.7, 68.75, -16.44, -0.720, 180.0, -3.433, -0.0, 179.89, -3.489, 0.487, -1.312
68.91, -16.51, -0.720, 161.97, -3.396, 836.2, 68.88, -16.55, -0.724, 180.0, -3.433, 0.0, 180.11, -3.489, 0.525, -1.388
69.04, -16.62, -0.724, 165.79, -3.334, 797.9, 69.02, -16.67, -0.727, 180.0, -3.433, 0.0, 180.33, -3.490, 0.495, -1.468
69.16, -16.72, -0.727, 160.69, -3.297, 132.1, 69.15, -16.79, -0.731, 180.0, -3.433, 0.0, 180.55, -3.492, 0.545, -1.536
69.28, -16.83, -0.730, 165.79, -3.278, 271.0, 69.28, -16.91, -0.734, 180.0, -3.433, 0.0, 180.78, -3.494, 0.503, -1.589
69.40, -16.94, -0.734, 168.35, -3.283, 520.1, 69.42, -17.04, -0.738, 180.0, -3.433, 0.0, 180.95, -3.496, 0.483, -1.621
69.53, -17.06, -0.737, 164.52, -3.299, 81.8, 69.55, -17.16, -0.741, 180.0, -3.433, 0.0, 181.13, -3.498, 0.520, -1.635
69.65, -17.17, -0.740, 169.62, -3.313, -797.2, 69.68, -17.28, -0.744, 180.0, -3.433, 0.0, 181.31, -3.499, 0.478, -1.644
69.78, -17.28, -0.744, 170.90, -3.357, -152.9, 69.82, -17.40, -0.748, 180.0, -3.433, 0.0, 181.44, -3.501, 0.468, -1.624
69.90, -17.40, -0.747, 156.87, -3.409, 160.9, 69.95, -17.52, -0.751, 180.0, -3.433, 0.0, 181.66, -3.501, 0.599, -1.586
70.01, -17.50, -0.750, 160.69, -3.452, 19.5, 70.08, -17.65, -0.755, 180.0, -3.433, 0.0, 181.94, -3.502, 0.569, -1.545
70.13, -17.62, -0.754, 172.17, -3.475, 275.8, 70.21, -17.77, -0.758, 180.0, -3.433, 0.0, 182.12, -3.501, 0.469, -1.515
70.26, -17.73, -0.757, 167.07, -3.465, -59.5, 70.34, -17.89, -0.762, 180.0, -3.433, -0.0, 182.26, -3.501, 0.518, -1.513
70.38, -17.85, -0.761, 168.35, -3.442, -208.0, 70.47, -18.02, -0.765, 180.0, -3.433, 0.0, 182.43, -3.500, 0.509, -1.529
70.50, -17.97, -0.764, 170.90, -3.439, 421.9, 70.60, -18.14, -0.768, 180.0, -3.433, 0.0, 182.57, -3.500, 0.489, -1.537
70.63, -18.09, -0.768, 182.37, -3.445, 671.0, 70.73, -18.27, -0.772, 180.0, -3.433, 0.0, 182.62, -3.500, 0.387, -1.538
70.76, -18.22, -0.771, 178.55, -3.472, 984.7, 70.86, -18.39, -0.775, 180.0, -3.433, 0.0, 182.62, -3.500, 0.421, -1.519
70.88, -18.34, -0.775, 170.90, -3.502, 606.3, 70.99, -18.52, -0.779, 180.0, -3.433, 0.0, 182.69, -3.499, 0.492, -1.490
71.01, -18.46, -0.778, 179.82, -3.531, 295.0, 71.11, -18.65, -0.782, 180.0, -3.433, -0.0, 182.75, -3.498, 0.413, -1.457
71.13, -18.59, -0.782, 178.55, -3.555, 481.8, 71.24, -18.77, -0.786, 180.0, -3.433, 0.0, 182.77, -3.496, 0.425, -1.423
71.26, -18.72, -0.785, 183.65, -3.594, 694.9, 71.37, -18.90, -0.789, 180.0, -3.433, 0.0, 182.75, -3.494, 0.379, -1.374
71.39, -18.84, -0.789, 167.07, -3.617, 762.0, 71.50, -19.03, -0.792, 180.0, -3.433, 0.0, 182.82, -3.492, 0.529, -1.332
71.51, -18.96, -0.792, 174.72, -3.628, 675.8, 71.62, -19.16, -0.796, 180.0, -3.433, 0.0, 182.94, -3.489, 0.463, -1.298
71.63, -19.08, -0.796, 168.35, -3.605, 357.2, 71.75, -19.29, -0.799, 180.0, -3.433, 0.0, 183.06, -3.487, 0.523, -1.294
71.74, -19.21, -0.800, 172.17, -3.553, -373.2, 71.87, -19.42, -0.803, 180.0, -3.433, -0.0, 183.19, -3.485, 0.491, -1.324
71.86, -19.33, -0.803, 170.90, -3.512, 213.5, 72.00, -19.55, -0.806, 180.0, -3.433, 0.0, 183.31, -3.483, 0.504, -1.358
71.98, -19.45, -0.807, 168.35, -3.465, 500.9, 72.12, -19.68, -0.810, 180.0, -3.433, 0.0, 183.45, -3.482, 0.530, -1.405
72.10, -19.58, -0.810, 177.27, -3.425, 338.1, 72.25, -19.81, -0.813, 180.0, -3.433, 0.0, 183.54, -3.482, 0.452, -1.454
72.22, -19.70, -0.813, 170.90, -3.375, -234.3, 72.37, -19.94, -0.816, 180.0, -3.433, 0.0, 183.62, -3.483, 0.511, -1.515
72.34, -19.83, -0.817, 169.62, -3.326, -208.0, 72.49, -20.07, -0.820, 180.0, -3.433, 0.0, 183.76, -3.483, 0.525, -1.584
72.45, -19.95, -0.820, 170.90, -3.301, -265.5, 72.61, -20.20, -0.823, 180.0, -3.433, 0.0, 183.89, -3.485, 0.516, -1.638
72.57, -20.08, -0.823, 179.82, -3.316, -387.6, 72.74, -20.33, -0.827, 180.0, -3.433, 0.0, 183.95, -3.486, 0.437, -1.657
72.69, -20.21, -0.827, 172.17, -3.348, -198.4, 72.86, -20.47, -0.830, 180.0, -3.433, -0.0, 184.01, -3.488, 0.507, -1.652
72.81, -20.34, -0.830, 182.37, -3.397, 115.3, 72.98, -20.60, -0.834, 180.0, -3.433, 0.0, 184.05, -3.488, 0.416, -1.623
72.93, -20.47, -0.834, 177.27, -3.448, -112.2, 73.10, -20.73, -0.837, 180.0, -3.433, -0.0, 184.05, -3.488, 0.463, -1.580
73.05, -20.61, -0.837, 186.20, -3.474, -476.2, 73.22, -20.87, -0.841, 180.0, -3.433, -0.0, 184.03, -3.488, 0.382, -1.547
73.18, -20.75, -0.841, 188.75, -3.534, -109.8, 73.34, -21.00, -0.844, 180.0, -3.433, 0.0, 183.93, -3.487, 0.358, -1.485
73.30, -20.89, -0.844, 184.92, -3.597, -217.6, 73.46, -21.13, -0.847, 180.0, -3.433, 0.0, 183.84, -3.485, 0.391, -1.409
73.42, -21.03, -0.848, 187.48, -3.667, 235.1, 73.58, -21.27, -0.851, 180.0, -3.433, 0.0, 183.76, -3.482, 0.367, -1.317
73.54, -21.16, -0.851, 174.72, -3.717, 223.1, 73.70, -21.41, -0.854, 180.0, -3.433, 0.0, 183.75, -3.479, 0.482, -1.233
73.66, -21.30, -0.855, 179.82, -3.741, -133.7, 73.82, -21.54, -0.858, 180.0, -3.433, 0.0, 183.79, -3.474, 0.437, -1.166
73.78, -21.43, -0.859, 179.82, -3.754, -363.7, 73.93, -21.68, -0.861, 180.0, -3.433, 0.0, 183.79, -3.470, 0.438, -1.110
73.89, -21.57, -0.863, 178.55, -3.751, -42.7, 74.05, -21.81, -0.865, 180.0, -3.433, -0.0, 183.81, -3.466, 0.450, -1.072
74.01, -21.70, -0.866, 170.90, -3.737, 417.1, 74.17, -21.95, -0.868, 180.0, -3.433, 0.0, 183.88, -3.461, 0.520, -1.047
74.12, -21.84, -0.870, 174.72, -3.701, 862.6, 74.28, -22.09, -0.871, 180.0, -3.433, 0.0, 183.98, -3.457, 0.488, -1.047
74.23, -21.97, -0.874, 163.24, -3.621, 400.4, 74.40, -22.23, -0.875, 180.0, -3.433, 0.0, 184.12, -3.454, 0.594, -1.093
74.33, -22.09, -0.877, 163.24, -3.518, -346.9, 74.51, -22.37, -0.878, 180.0, -3.433, 0.0, 184.35, -3.452, 0.598, -1.178
74.43, -22.22, -0.881, 159.42, -3.426, 103.4, 74.63, -22.50, -0.882, 180.0, -3.433, 0.0, 184.60, -3.451, 0.637, -1.274
74.54, -22.34, -0.884, 165.79, -3.345, 383.6, 74.74, -22.64, -0.885, 180.0, -3.433, 0.0, 184.83, -3.452, 0.585, -1.375
74.64, -22.47, -0.888, 160.69, -3.286, 757.2, 74.86, -22.78, -0.889, 180.0, -3.433, 0.0, 185.06, -3.453, 0.635, -1.465
74.74, -22.60, -0.891, 169.62, -3.236, 678.2, 74.97, -22.92, -0.892, 180.0, -3.433, 0.0, 185.25, -3.455, 0.558, -1.551
74.85, -22.73, -0.894, 164.52, -3.202, 920.1, 75.08, -23.06, -0.895, 180.0, -3.433, 0.0, 185.43, -3.458, 0.608, -1.626
74.95, -22.86, -0.897, 172.17, -3.205, 584.8, 75.19, -23.20, -0.899, 180.0, -3.433, 0.0, 185.58, -3.460, 0.542, -1.668
75.06, -22.99, -0.900, 177.27, -3.242, 144.1, 75.31, -23.34, -0.902, 180.0, -3.433, 0.0, 185.66, -3.463, 0.498, -1.674
75.17, -23.14, -0.904, 182.37, -3.297, 376.4, 75.42, -23.49, -0.906, 180.0, -3.433, -0.0, 185.66, -3.465, 0.452, -1.649
75.29, -23.28, -0.907, 184.92, -3.374, 809.9, 75.53, -23.63, -0.909, 180.0, -3.433, 0.0, 185.61, -3.466, 0.429, -1.593
75.40, -23.42, -0.910, 179.82, -3.445, 582.4, 75.64, -23.77, -0.913, 180.0, -3.433, 0.0, 185.58, -3.466, 0.475, -1.524
75.51, -23.57, -0.914, 192.58, -3.515, -227.1, 75.75, -23.91, -0.916, 180.0, -3.433, 0.0, 185.50, -3.465, 0.359, -1.445
75.63, -23.72, -0.917, 190.03, -3.573, 338.1, 75.86, -24.06, -0.919, 180.0, -3.432, 0.0, 185.35, -3.462, 0.380, -1.365
75.74, -23.87, -0.921, 178.55, -3.583, 220.7, 75.97, -24.20, -0.923, 180.0, -3.430, 0.0, 185.29, -3.458, 0.483, -1.319
75.85, -24.02, -0.925, 183.65, -3.590, 105.8, 76.07, -24.34, -0.926, 180.0, -3.428, 0.0, 185.28, -3.454, 0.437, -1.283
75.96, -24.16, -0.928, 178.55, -3.592, 611.1, 76.18, -24.49, -0.930, 180.0, -3.425, 0.0, 185.26, -3.449, 0.483, -1.253
76.06, -24.30, -0.932, 174.72, -3.584, 891.3, 76.29, -24.63, -0.933, 180.0, -3.422, -0.0, 185.31, -3.443, 0.519, -1.235
76.17, -24.45, -0.935, 184.92, -3.560, 465.0, 76.40, -24.78, -0.937, 180.0, -3.419, 0.0, 185.31, -3.437, 0.428, -1.233
76.28, -24.59, -0.939, 170.90, -3.532, 330.9, 76.50, -24.92, -0.940, 180.0, -3.415, 0.0, 185.34, -3.431, 0.555, -1.242
76.37, -24.73, -0.942, 167.07, -3.491, 630.3, 76.61, -25.07, -0.943, 180.0, -3.410, -0.0, 185.48, -3.425, 0.592, -1.266
76.47, -24.86, -0.946, 165.79, -3.440, 342.9, 76.71, -25.21, -0.947, 180.0, -3.405, 0.0, 185.66, -3.419, 0.608, -1.306
76.57, -25.00, -0.949, 163.24, -3.377, -392.4, 76.82, -25.36, -0.950, 180.0, -3.399, 0.0, 185.86, -3.413, 0.635, -1.364
76.66, -25.13, -0.953, 169.62, -3.323, -603.2, 76.92, -25.51, -0.954, 180.0, -3.393, -0.0, 186.04, -3.407, 0.581, -1.424
76.76, -25.27, -0.956, 173.45, -3.299, -138.5, 77.03, -25.65, -0.957, 180.0, -3.387, 0.0, 186.15, -3.401, 0.549, -1.464
76.86, -25.41, -0.959, 164.52, -3.295, 74.6, 77.13, -25.80, -0.960, 180.0, -3.380, 0.0, 186.29, -3.395, 0.632, -1.484
76.96, -25.55, -0.963, 176.00, -3.318, 575.2, 77.23, -25.95, -0.964, 180.0, -3.372, 0.0, 186.42, -3.388, 0.532, -1.475
77.05, -25.69, -0.966, 167.07, -3.353, 656.6, 77.34, -26.10, -0.967, 180.0, -3.364, 0.0, 186.52, -3.380, 0.614, -1.444
77.15, -25.83, -0.969, 176.00, -3.400, 948.8, 77.44, -26.24, -0.971, 180.0, -3.355, 0.0, 186.63, -3.371, 0.537, -1.392
77.25, -25.98, -0.973, 178.55, -3.436, 963.2, 77.54, -26.39, -0.974, 180.0, -3.346, 0.0, 186.66, -3.360, 0.515, -1.337
77.35, -26.13, -0.976, 187.48, -3.455, 599.1, 77.64, -26.54, -0.977, 180.0, -3.336, -0.0, 186.62, -3.349, 0.434, -1.290
77.46, -26.28, -0.980, 179.82, -3.442, 582.4, 77.74, -26.69, -0.981, 180.0, -3.327, -0.0, 186.56, -3.338, 0.503, -1.268
77.56, -26.43, -0.983, 179.82, -3.432, 1219.5, 77.84, -26.84, -0.984, 180.0, -3.318, 0.0, 186.56, -3.327, 0.504, -1.250
77.65, -26.58, -0.986, 177.27, -3.411, 1353.6, 77.94, -26.99, -0.987, 180.0, -3.308, 0.0, 186.58, -3.316, 0.527, -1.245
77.75, -26.73, -0.990, 177.27, -3.374, 496.2, 78.04, -27.14, -0.990, 180.0, -3.299, 0.0, 186.61, -3.305, 0.528, -1.257
77.85, -26.88, -0.993, 191.30, -3.340, 644.6, 78.14, -27.29, -0.994, 180.0, -3.290, 0.0, 186.54, -3.294, 0.402, -1.274
77.95, -27.04, -0.997, 177.27, -3.297, 515.3, 78.24, -27.44, -0.997, 180.0, -3.280, 0.0, 186.48, -3.284, 0.528, -1.303
78.05, -27.19, -1.000, 193.85, -3.272, 330.9, 78.33, -27.59, -1.000, 180.0, -3.271, 0.0, 186.40, -3.274, 0.378, -1.324
78.15, -27.35, -1.003, 177.27, -3.255, 124.9, 78.43, -27.75, -1.004, 180.0, -3.261, 0.0, 186.33, -3.264, 0.526, -1.338
78.25, -27.50, -1.006, 186.20, -3.237, -42.7, 78.53, -27.90, -1.007, 180.0, -3.252, 0.0, 186.30, -3.255, 0.446, -1.351
78.35, -27.66, -1.010, 184.92, -3.232, -318.1, 78.62, -28.05, -1.010, 180.0, -3.243, 0.0, 186.22, -3.245, 0.457, -1.354
78.45, -27.82, -1.013, 186.20, -3.224, -449.9, 78.72, -28.20, -1.013, 180.0, -3.233, 0.0, 186.14, -3.236, 0.444, -1.356
78.55, -27.98, -1.016, 195.13, -3.214, -502.6, 78.81, -28.36, -1.017, 180.0, -3.224, 0.0, 186.00, -3.226, 0.362, -1.358
78.65, -28.14, -1.019, 177.27, -3.207, -782.8, 78.91, -28.51, -1.020, 180.0, -3.215, 0.0, 185.91, -3.217, 0.522, -1.358
78.74, -28.29, -1.022, 176.00, -3.188, -1031.9, 79.00, -28.66, -1.023, 180.0, -3.205, 0.0, 185.95, -3.207, 0.535, -1.367
78.83, -28.45, -1.026, 187.48, -3.168, -1312.1, 79.10, -28.82, -1.026, 180.0, -3.196, 0.0, 185.92, -3.198, 0.431, -1.379
78.93, -28.61, -1.029, 183.65, -3.168, -435.5, 79.19, -28.97, -1.029, 180.0, -3.186, 0.0, 185.84, -3.188, 0.465, -1.376
79.02, -28.76, -1.032, 181.10, -3.180, 151.3, 79.28, -29.12, -1.033, 180.0, -3.177, -0.0, 185.80, -3.179, 0.488, -1.360
79.12, -28.92, -1.035, 192.58, -3.194, 575.2, 79.37, -29.28, -1.036, 180.0, -3.168, 0.0, 185.71, -3.169, 0.383, -1.336
79.21, -29.09, -1.038, 188.75, -3.214, 424.3, 79.46, -29.43, -1.039, 180.0, -3.158, 0.0, 185.57, -3.159, 0.416, -1.303
79.31, -29.25, -1.042, 195.13, -3.255, 491.4, 79.56, -29.59, -1.042, 180.0, -3.149, -0.0, 185.40, -3.148, 0.356, -1.246
79.41, -29.42, -1.045, 188.75, -3.308, 251.9, 79.65, -29.75, -1.045, 180.0, -3.140, 0.0, 185.24, -3.136, 0.411, -1.170
79.50, -29.59, -1.048, 198.95, -3.356, -255.9, 79.74, -29.90, -1.048, 180.0, -3.130, -0.0, 185.06, -3.124, 0.317, -1.086
79.60, -29.76, -1.052, 190.03, -3.393, -234.3, 79.83, -30.06, -1.051, 180.0, -3.121, -0.0, 184.86, -3.111, 0.394, -1.003
79.69, -29.92, -1.055, 186.20, -3.431, -184.0, 79.91, -30.21, -1.055, 180.0, -3.111, 0.0, 184.75, -3.098, 0.427, -0.916
79.78, -30.08, -1.058, 173.45, -3.441, 366.8, 80.00, -30.37, -1.058, 180.0, -3.102, 0.0, 184.75, -3.084, 0.542, -0.846
79.87, -30.23, -1.062, 174.72, -3.428, 275.8, 80.09, -30.53, -1.061, 180.0, -3.093, -0.0, 184.82, -3.070, 0.533, -0.799
79.95, -30.38, -1.065, 177.27, -3.388, 206.4, 80.18, -30.68, -1.064, 180.0, -3.083, 0.0, 184.87, -3.056, 0.511, -0.781
80.03, -30.53, -1.069, 163.24, -3.309, 726.1, 80.27, -30.84, -1.067, 180.0, -3.074, 0.0, 184.99, -3.043, 0.640, -0.806
80.11, -30.67, -1.072, 164.52, -3.196, 1039.8, 80.35, -31.00, -1.070, 180.0, -3.064, 0.0, 185.19, -3.031, 0.632, -0.878
80.19, -30.82, -1.075, 172.17, -3.046, 369.2, 80.44, -31.16, -1.073, 180.0, -3.055, 0.0, 185.34, -3.020, 0.567, -1.003
80.27, -30.97, -1.078, 169.62, -2.875, -435.5, 80.53, -31.32, -1.076, 180.0, -3.046, 0.0, 185.45, -3.012, 0.592, -1.173
80.35, -31.12, -1.081, 168.35, -2.742, 311.7, 80.61, -31.47, -1.079, 180.0, -3.036, 0.0, 185.58, -3.005, 0.606, -1.339
80.43, -31.27, -1.083, 177.27, -2.660, 1025.5, 80.69, -31.63, -1.082, 180.0, -3.027, -0.0, 185.67, -3.000, 0.528, -1.474
80.51, -31.43, -1.086, 165.79, -2.644, 601.5, 80.78, -31.79, -1.085, 180.0, -3.018, 0.0, 185.77, -2.995, 0.634, -1.554
80.59, -31.58, -1.089, 170.90, -2.679, 381.2, 80.86, -31.95, -1.088, 180.0, -3.008, -0.0, 185.92, -2.990, 0.591, -1.577
80.67, -31.73, -1.091, 168.35, -2.735, 187.2, 80.95, -32.11, -1.091, 180.0, -2.999, -0.0, 186.04, -2.984, 0.617, -1.561
80.75, -31.88, -1.094, 187.48, -2.810, -380.4, 81.03, -32.27, -1.094, 180.0, -2.989, 0.0, 186.06, -2.977, 0.445, -1.509
80.84, -32.05, -1.097, 195.13, -2.920, 86.6, 81.11, -32.43, -1.097, 180.0, -2.980, 0.0, 185.91, -2.969, 0.375, -1.408
80.92, -32.23, -1.100, 188.75, -3.045, 534.5, 81.19, -32.59, -1.100, 180.0, -2.971, -0.0, 185.75, -2.959, 0.430, -1.271
81.01, -32.39, -1.103, 174.72, -3.190, 824.3, 81.27, -32.75, -1.103, 180.0, -2.961, 0.0, 185.72, -2.947, 0.556, -1.093
81.09, -32.55, -1.106, 177.27, -3.310, 814.7, 81.36, -32.91, -1.106, 180.0, -2.952, 0.0, 185.77, -2.934, 0.534, -0.911
81.16, -32.70, -1.110, 173.45, -3.375, 369.2, 81.44, -33.07, -1.109, 180.0, -2.943, 0.0, 185.82, -2.919, 0.570, -0.762
81.24, -32.86, -1.113, 186.20, -3.387, 43.5, 81.52, -33.24, -1.112, 180.0, -2.933, 0.0, 185.81, -2.904, 0.456, -0.657
81.32, -33.02, -1.117, 168.35, -3.349, 60.3, 81.60, -33.40, -1.115, 180.0, -2.924, 0.0, 185.84, -2.888, 0.618, -0.605
81.40, -33.18, -1.120, 178.55, -3.268, 592.0, 81.67, -33.56, -1.118, 180.0, -2.914, -0.0, 185.92, -2.874, 0.528, -0.607
81.47, -33.34, -1.123, 183.65, -3.160, 1114.1, 81.75, -33.72, -1.121, 180.0, -2.905, 0.0, 185.90, -2.860, 0.482, -0.655
81.55, -33.50, -1.126, 173.45, -3.021, 1001.5, 81.83, -33.88, -1.124, 180.0, -2.896, -0.0, 185.91, -2.848, 0.575, -0.752
81.63, -33.66, -1.129, 174.72, -2.849, 62.7, 81.91, -34.05, -1.127, 180.0, -2.886, 0.0, 185.98, -2.838, 0.565, -0.903
81.70, -33.82, -1.132, 173.45, -2.708, 500.9, 81.99, -34.21, -1.129, 180.0, -2.877, 0.0, 186.04, -2.829, 0.578, -1.059
81.77, -33.98, -1.135, 182.37, -2.597, 426.7, 82.06, -34.37, -1.132, 180.0, -2.868, 0.0, 186.06, -2.822, 0.499, -1.204
81.85, -34.15, -1.137, 183.65, -2.537, 386.0, 82.14, -34.53, -1.135, 180.0, -2.858, -0.0, 186.02, -2.816, 0.487, -1.314
81.93, -34.31, -1.140, 169.62, -2.530, -509.8, 82.21, -34.70, -1.138, 180.0, -2.849, 0.0, 186.05, -2.811, 0.615, -1.375
82.00, -34.46, -1.142, 169.62, -2.545, -1288.1, 82.29, -34.86, -1.141, 180.0, -2.839, -0.0, 186.18, -2.805, 0.618, -1.404
82.07, -34.62, -1.145, 170.90, -2.567, -1067.8, 82.36, -35.02, -1.144, 180.0, -2.830, 0.0, 186.30, -2.799, 0.609, -1.412
82.14, -34.77, -1.147, 178.55, -2.631, 93.8, 82.44, -35.19, -1.147, 180.0, -2.821, -0.0, 186.35, -2.792, 0.541, -1.373
82.21, -34.94, -1.150, 177.27, -2.722, 1085.3, 82.51, -35.35, -1.149, 180.0, -2.811, 0.0, 186.37, -2.784, 0.554, -1.292
82.28, -35.10, -1.153, 182.37, -2.824, 1049.4, 82.59, -35.52, -1.152, 180.0, -2.802, 0.0, 186.37, -2.775, 0.509, -1.182
82.36, -35.27, -1.156, 174.72, -2.937, 1411.1, 82.66, -35.68, -1.155, 180.0, -2.792, 0.0, 186.38, -2.764, 0.578, -1.043
82.43, -35.44, -1.159, 198.95, -3.023, 920.1, 82.73, -35.85, -1.158, 180.0, -2.783, 0.0, 186.28, -2.752, 0.359, -0.906
82.51, -35.61, -1.162, 183.65, -3.086, 86.6, 82.80, -36.01, -1.161, 180.0, -2.774, 0.0, 186.13, -2.739, 0.495, -0.780
82.58, -35.79, -1.165, 197.68, -3.127, -64.3, 82.87, -36.18, -1.163, 180.0, -2.764, -0.0, 185.99, -2.725, 0.367, -0.669
82.66, -35.97, -1.168, 193.85, -3.122, 323.7, 82.95, -36.34, -1.166, 180.0, -2.755, 0.0, 185.78, -2.710, 0.398, -0.597
82.74, -36.15, -1.171, 197.68, -3.090, 980.0, 83.02, -36.51, -1.169, 180.0, -2.746, 0.0, 185.57, -2.696, 0.360, -0.557
82.81, -36.33, -1.174, 193.85, -3.035, 1126.0, 83.09, -36.67, -1.172, 180.0, -2.736, 0.0, 185.36, -2.682, 0.392, -0.550
82.89, -36.51, -1.177, 204.06, -2.949, 520.1, 83.16, -36.84, -1.174, 180.0, -2.727, 0.0, 185.12, -2.669, 0.296, -0.582
82.96, -36.70, -1.180, 202.78, -2.861, -11.6, 83.23, -37.00, -1.177, 180.0, -2.717, -0.0, 184.81, -2.657, 0.303, -0.635
83.04, -36.89, -1.183, 200.23, -2.800, -143.3, 83.29, -37.17, -1.180, 180.0, -2.708, 0.0, 184.54, -2.646, 0.321, -0.679
83.12, -37.07, -1.186, 198.95, -2.734, -548.1, 83.36, -37.34, -1.182, 180.0, -2.699, 0.0, 184.28, -2.636, 0.329, -0.733
83.19, -37.26, -1.188, 198.95, -2.680, -447.5, 83.43, -37.50, -1.185, 180.0, -2.689, 0.0, 184.04, -2.626, 0.325, -0.782
83.26, -37.44, -1.191, 197.68, -2.587, -1156.4, 83.50, -37.67, -1.188, 180.0, -2.680, -0.0, 183.80, -2.617, 0.332, -0.868
83.34, -37.63, -1.193, 202.78, -2.475, -1815.0, 83.57, -37.84, -1.190, 180.0, -2.671, -0.0, 183.54, -2.609, 0.282, -0.983
83.41, -37.81, -1.196, 196.40, -2.392, -1700.1, 83.63, -38.01, -1.193, 180.0, -2.661, 0.0, 183.28, -2.602, 0.336, -1.090
83.48, -37.99, -1.198, 193.85, -2.371, -1084.6, 83.70, -38.17, -1.196, 180.0, -2.652, 0.0, 183.09, -2.596, 0.355, -1.152
83.55, -38.18, -1.201, 201.50, -2.388, -212.8, 83.76, -38.34, -1.198, 180.0, -2.642, 0.0, 182.86, -2.590, 0.283, -1.173
83.63, -38.37, -1.203, 204.06, -2.451, -437.9, 83.83, -38.51, -1.201, 180.0, -2.633, -0.0, 182.57, -2.583, 0.255, -1.141
83.70, -38.55, -1.206, 197.68, -2.524, -897.7, 83.89, -38.68, -1.204, 180.0, -2.624, 0.0, 182.30, -2.575, 0.308, -1.078
83.77, -38.74, -1.208, 202.78, -2.601, -830.7, 83.96, -38.84, -1.206, 180.0, -2.614, 0.0, 182.04, -2.567, 0.258, -0.993
83.84, -38.93, -1.211, 198.95, -2.691, -739.7, 84.02, -39.01, -1.209, 180.0, -2.605, 0.0, 181.77, -2.557, 0.287, -0.883
83.91, -39.12, -1.213, 206.61, -2.778, -885.8, 84.09, -39.18, -1.212, 180.0, -2.596, 0.0, 181.48, -2.545, 0.214, -0.758
83.98, -39.31, -1.216, 205.33, -2.837, -275.0, 84.15, -39.35, -1.214, 180.0, -2.586, 0.0, 181.15, -2.533, 0.219, -0.645
84.05, -39.51, -1.219, 210.43, -2.840, -205.6, 84.21, -39.52, -1.217, 180.0, -2.577, 0.0, 180.80, -2.520, 0.167, -0.574
84.12, -39.70, -1.222, 200.23, -2.805, -117.0, 84.27, -39.69, -1.219, 180.0, -2.567, 0.0, 180.48, -2.508, 0.254, -0.543
84.19, -39.89, -1.225, 198.95, -2.742, 50.7, 84.34, -39.86, -1.222, 180.0, -2.558, 0.0, 180.23, -2.496, 0.261, -0.551
84.26, -40.08, -1.227, 201.50, -2.671, 189.6, 84.40, -40.03, -1.224, 180.0, -2.549, 0.0, 179.97, -2.484, 0.233, -0.584
84.32, -40.26, -1.230, 193.85, -2.600, 93.8, 84.46, -40.19, -1.227, 180.0, -2.539, 0.0, 179.74, -2.474, 0.298, -0.629
84.39, -40.45, -1.233, 195.13, -2.524, -167.3, 84.52, -40.36, -1.229, 180.0, -2.530, 0.0, 179.56, -2.464, 0.283, -0.691
84.45, -40.63, -1.235, 198.95, -2.465, -382.8, 84.58, -40.53, -1.232, 180.0, -2.520, 0.0, 179.34, -2.455, 0.245, -0.749
84.52, -40.82, -1.238, 204.06, -2.413, -770.8, 84.64, -40.70, -1.235, 180.0, -2.511, 0.0, 179.07, -2.446, 0.194, -0.804
84.58, -41.01, -1.240, 191.30, -2.352, -1324.1, 84.70, -40.87, -1.237, 180.0, -2.502, 0.0, 178.85, -2.438, 0.305, -0.871
84.65, -41.19, -1.242, 197.68, -2.280, -1800.7, 84.76, -41.04, -1.240, 180.0, -2.492, 0.0, 178.66, -2.431, 0.244, -0.953
84.71, -41.38, -1.245, 191.30, -2.240, -1180.4, 84.81, -41.21, -1.242, 180.0, -2.483, -0.0, 178.48, -2.424, 0.298, -1.016
84.77, -41.56, -1.247, 196.40, -2.232, -837.9, 84.87, -41.38, -1.244, 180.0, -2.474, 0.0, 178.30, -2.418, 0.249, -1.052
84.83, -41.75, -1.249, 188.75, -2.249, -849.8, 84.93, -41.56, -1.247, 180.0, -2.464, 0.0, 178.15, -2.411, 0.315, -1.059
84.89, -41.92, -1.251, 188.75, -2.272, -794.8, 84.99, -41.73, -1.249, 180.0, -2.455, 0.0, 178.03, -2.404, 0.313, -1.051
84.95, -42.11, -1.254, 193.85, -2.284, -981.6, 85.04, -41.90, -1.252, 180.0, -2.445, 0.0, 177.89, -2.397, 0.264, -1.043
85.01, -42.29, -1.256, 188.75, -2.287, -871.4, 85.10, -42.07, -1.254, 180.0, -2.436, 0.0, 177.75, -2.390, 0.307, -1.039
85.07, -42.47, -1.258, 188.75, -2.303, -809.1, 85.16, -42.24, -1.257, 180.0, -2.427, 0.0, 177.64, -2.382, 0.305, -1.023
85.13, -42.65, -1.260, 188.75, -2.346, -334.9, 85.21, -42.41, -1.259, 180.0, -2.417, 0.0, 177.53, -2.374, 0.303, -0.981
85.18, -42.83, -1.263, 186.20, -2.396, 340.5, 85.27, -42.58, -1.262, 180.0, -2.408, 0.0, 177.43, -2.365, 0.324, -0.921
85.24, -43.00, -1.265, 186.20, -2.431, 323.7, 85.32, -42.75, -1.264, 180.0, -2.399, 0.0, 177.35, -2.355, 0.322, -0.864
85.30, -43.19, -1.268, 195.13, -2.459, 69.8, 85.37, -42.92, -1.266, 180.0, -2.389, -0.0, 177.22, -2.346, 0.240, -0.808
85.35, -43.37, -1.270, 191.30, -2.459, 31.5, 85.43, -43.10, -1.269, 180.0, -2.380, 0.0, 177.05, -2.335, 0.271, -0.773
85.41, -43.55, -1.273, 187.48, -2.436, -322.9, 85.48, -43.27, -1.271, 180.0, -2.370, 0.0, 176.93, -2.325, 0.303, -0.762
85.46, -43.73, -1.275, 192.58, -2.417, 21.9, 85.53, -43.44, -1.273, 180.0, -2.361, 0.0, 176.80, -2.315, 0.254, -0.755
85.52, -43.91, -1.277, 186.20, -2.395, 41.1, 85.59, -43.61, -1.276, 180.0, -2.352, -0.0, 176.69, -2.305, 0.309, -0.755
85.57, -44.09, -1.280, 183.65, -2.378, 132.1, 85.64, -43.79, -1.278, 180.0, -2.342, -0.0, 176.62, -2.295, 0.331, -0.755
85.62, -44.27, -1.282, 181.10, -2.354, -196.0, 85.69, -43.96, -1.281, 180.0, -2.333, -0.0, 176.59, -2.285, 0.353, -0.762
85.68, -44.44, -1.284, 186.20, -2.312, -873.8, 85.74, -44.13, -1.283, 180.0, -2.324, -0.0, 176.54, -2.276, 0.306, -0.787
85.73, -44.62, -1.287, 186.20, -2.245, -1211.5, 85.79, -44.30, -1.285, 180.0, -2.314, 0.0, 176.47, -2.267, 0.304, -0.840
85.78, -44.80, -1.289, 183.65, -2.184, -1649.8, 85.84, -44.48, -1.287, 180.0, -2.305, 0.0, 176.40, -2.259, 0.326, -0.900
85.83, -44.98, -1.291, 184.92, -2.174, -940.9, 85.89, -44.65, -1.290, 180.0, -2.295, -0.0, 176.35, -2.251, 0.313, -0.925
85.88, -45.15, -1.293, 179.82, -2.200, -150.5, 85.94, -44.82, -1.292, 180.0, -2.286, 0.0, 176.32, -2.243, 0.358, -0.914
85.93, -45.32, -1.296, 176.00, -2.234, -160.1, 85.99, -44.99, -1.294, 180.0, -2.277, 0.0, 176.34, -2.235, 0.393, -0.882
85.98, -45.50, -1.298, 183.65, -2.251, -284.6, 86.04, -45.17, -1.297, 180.0, -2.267, 0.0, 176.34, -2.226, 0.323, -0.853
86.03, -45.67, -1.300, 184.92, -2.261, -4.4, 86.09, -45.34, -1.299, 180.0, -2.258, 0.0, 176.29, -2.216, 0.311, -0.827
86.08, -45.85, -1.302, 187.48, -2.256, -66.7, 86.14, -45.51, -1.301, 180.0, -2.249, 0.0, 176.21, -2.207, 0.286, -0.811
86.12, -46.03, -1.305, 187.48, -2.252, 24.3, 86.19, -45.69, -1.303, 180.0, -2.239, 0.0, 176.11, -2.197, 0.284, -0.797
86.17, -46.21, -1.307, 182.37, -2.260, 656.6, 86.23, -45.86, -1.306, 180.0, -2.230, 0.0, 176.05, -2.188, 0.328, -0.774
86.22, -46.39, -1.309, 183.65, -2.274, 728.5, 86.28, -46.04, -1.308, 180.0, -2.220, 0.0, 176.01, -2.178, 0.316, -0.742
86.27, -46.56, -1.311, 177.27, -2.300, 659.0, 86.33, -46.21, -1.310, 180.0, -2.211, 0.0, 176.01, -2.168, 0.373, -0.697
86.31, -46.74, -1.314, 179.82, -2.327, 544.1, 86.37, -46.38, -1.312, 180.0, -2.202, 0.0, 176.02, -2.157, 0.350, -0.644
86.36, -46.91, -1.316, 176.00, -2.346, 263.8, 86.42, -46.56, -1.314, 180.0, -2.192, 0.0, 176.05, -2.146, 0.384, -0.592
86.40, -47.08, -1.318, 186.20, -2.316, -136.1, 86.46, -46.73, -1.317, 180.0, -2.183, 0.0, 176.03, -2.135, 0.292, -0.579
86.45, -47.26, -1.321, 183.65, -2.249, -622.3, 86.51, -46.91, -1.319, 180.0, -2.173, 0.0, 175.97, -2.125, 0.313, -0.607
86.49, -47.44, -1.323, 178.55, -2.167, -703.7, 86.55, -47.08, -1.321, 180.0, -2.164, 0.0, 175.95, -2.115, 0.359, -0.663
86.54, -47.61, -1.325, 176.00, -2.063, -536.1, 86.60, -47.25, -1.323, 180.0, -2.155, 0.0, 175.98, -2.106, 0.382, -0.755
86.58, -47.78, -1.327, 170.90, -1.954, -928.9, 86.64, -47.43, -1.325, 180.0, -2.145, 0.0, 176.06, -2.098, 0.429, -0.868
86.62, -47.95, -1.329, 176.00, -1.877, -787.6, 86.69, -47.60, -1.327, 180.0, -2.136, 0.0, 176.14, -2.092, 0.384, -0.971
86.66, -48.12, -1.331, 178.55, -1.819, -940.9, 86.73, -47.78, -1.330, 180.0, -2.127, -0.0, 176.17, -2.086, 0.361, -1.063
86.70, -48.29, -1.333, 177.27, -1.782, -1204.3, 86.77, -47.95, -1.332, 180.0, -2.117, 0.0, 176.20, -2.080, 0.373, -1.138
86.75, -48.47, -1.334, 183.65, -1.776, -881.0, 86.81, -48.13, -1.334, 180.0, -2.108, 0.0, 176.19, -2.075, 0.315, -1.185
86.79, -48.64, -1.336, 177.27, -1.839, -14.0, 86.86, -48.30, -1.336, 180.0, -2.098, -0.0, 176.18, -2.069, 0.372, -1.166
86.83, -48.81, -1.338, 173.45, -1.932, 946.4, 86.90, -48.48, -1.338, 180.0, -2.089, 0.0, 176.24, -2.063, 0.407, -1.098
86.87, -48.98, -1.340, 167.07, -2.050, 790.7, 86.94, -48.65, -1.340, 180.0, -2.080, 0.0, 176.36, -2.054, 0.466, -0.984
86.91, -49.15, -1.342, 173.45, -2.177, 884.2, 86.98, -48.83, -1.342, 180.0, -2.070, 0.0, 176.47, -2.045, 0.411, -0.839
86.94, -49.32, -1.344, 177.27, -2.254, 814.7, 87.02, -49.00, -1.344, 180.0, -2.061, 0.0, 176.53, -2.034, 0.377, -0.712
86.98, -49.49, -1.347, 172.17, -2.269, 512.9, 87.06, -49.18, -1.346, 180.0, -2.052, 0.0, 176.59, -2.022, 0.424, -0.632
87.02, -49.66, -1.349, 183.65, -2.222, 285.4, 87.10, -49.36, -1.348, 180.0, -2.042, 0.0, 176.61, -2.010, 0.320, -0.614
87.06, -49.83, -1.351, 173.45, -2.158, 709.3, 87.14, -49.53, -1.350, 180.0, -2.033, 0.0, 176.63, -1.999, 0.412, -0.630
87.10, -50.01, -1.353, 176.00, -2.081, 910.5, 87.18, -49.71, -1.352, 180.0, -2.023, 0.0, 176.69, -1.988, 0.390, -0.674
87.14, -50.18, -1.355, 177.27, -2.015, 599.1, 87.22, -49.88, -1.354, 180.0, -2.014, -0.0, 176.73, -1.979, 0.379, -0.726
87.18, -50.35, -1.357, 179.82, -1.963, 429.1, 87.26, -50.06, -1.356, 180.0, -2.005, 0.0, 176.74, -1.970, 0.356, -0.775
87.21, -50.53, -1.359, 183.65, -1.919, 139.3, 87.30, -50.23, -1.358, 180.0, -1.995, 0.0, 176.72, -1.961, 0.321, -0.822
87.25, -50.71, -1.361, 174.72, -1.880, -507.4, 87.33, -50.41, -1.360, 180.0, -1.986, 0.0, 176.73, -1.953, 0.401, -0.867
87.29, -50.88, -1.363, 181.10, -1.856, -1307.3, 87.37, -50.59, -1.362, 180.0, -1.977, 0.0, 176.75, -1.945, 0.344, -0.901
87.32, -51.05, -1.365, 174.72, -1.888, -825.9, 87.41, -50.76, -1.364, 180.0, -1.967, 0.0, 176.78, -1.937, 0.401, -0.886
87.36, -51.22, -1.367, 174.72, -1.921, -375.6, 87.44, -50.94, -1.366, 180.0, -1.958, 0.0, 176.84, -1.928, 0.402, -0.855
87.39, -51.39, -1.369, 172.17, -1.962, -433.1, 87.48, -51.11, -1.368, 180.0, -1.948, 0.0, 176.91, -1.919, 0.426, -0.807
87.43, -51.56, -1.371, 173.45, -1.974, -172.1, 87.52, -51.29, -1.370, 180.0, -1.939, 0.0, 177.00, -1.909, 0.416, -0.774
87.46, -51.74, -1.373, 178.55, -1.927, -100.2, 87.55, -51.47, -1.372, 180.0, -1.930, -0.0, 177.05, -1.900, 0.371, -0.788
87.50, -51.91, -1.374, 172.17, -1.845, -186.4, 87.59, -51.64, -1.374, 180.0, -1.920, 0.0, 177.10, -1.891, 0.429, -0.847
87.53, -52.08, -1.376, 178.55, -1.756, -363.7, 87.62, -51.82, -1.376, 180.0, -1.911, 0.0, 177.15, -1.883, 0.372, -0.931
87.57, -52.26, -1.378, 179.82, -1.716, 539.3, 87.66, -52.00, -1.378, 180.0, -1.901, 0.0, 177.16, -1.876, 0.361, -0.989
87.60, -52.43, -1.380, 177.27, -1.719, 809.9, 87.69, -52.17, -1.380, 180.0, -1.892, 0.0, 177.18, -1.868, 0.384, -1.011
87.63, -52.60, -1.381, 174.72, -1.768, 728.5, 87.73, -52.35, -1.382, 180.0, -1.883, 0.0, 177.22, -1.861, 0.407, -0.986
87.66, -52.77, -1.383, 170.90, -1.836, 900.9, 87.76, -52.53, -1.384, 180.0, -1.873, -0.0, 177.31, -1.852, 0.443, -0.925
87.70, -52.94, -1.385, 174.72, -1.904, 26.7, 87.79, -52.70, -1.385, 180.0, -1.864, 0.0, 177.39, -1.843, 0.410, -0.847
87.73, -53.12, -1.387, 184.92, -1.964, -414.0, 87.83, -52.88, -1.387, 180.0, -1.855, 0.0, 177.39, -1.833, 0.318, -0.761
87.76, -53.30, -1.389, 187.48, -1.995, -483.4, 87.86, -53.06, -1.389, 180.0, -1.845, 0.0, 177.32, -1.822, 0.293, -0.691
87.80, -53.48, -1.391, 179.82, -2.017, 553.6, 87.89, -53.24, -1.391, 180.0, -1.836, 0.0, 177.27, -1.811, 0.361, -0.627
87.83, -53.66, -1.393, 173.45, -2.006, 515.3, 87.92, -53.41, -1.393, 180.0, -1.826, 0.0, 177.31, -1.799, 0.419, -0.591
87.86, -53.83, -1.395, 169.62, -1.978, 57.9, 87.95, -53.59, -1.395, 180.0, -1.817, -0.0, 177.41, -1.788, 0.455, -0.577
87.89, -54.00, -1.397, 179.82, -1.935, 108.2, 87.99, -53.77, -1.396, 180.0, -1.808, 0.0, 177.47, -1.777, 0.364, -0.584
87.92, -54.18, -1.399, 181.10, -1.873, -416.3, 88.02, -53.94, -1.398, 180.0, -1.798, -0.0, 177.46, -1.766, 0.352, -0.616
87.95, -54.36, -1.401, 183.65, -1.792, -545.7, 88.05, -54.12, -1.400, 180.0, -1.789, 0.0, 177.43, -1.756, 0.328, -0.677
87.98, -54.53, -1.402, 177.27, -1.709, -449.9, 88.08, -54.30, -1.402, 180.0, -1.780, 0.0, 177.43, -1.747, 0.385, -0.754
88.01, -54.71, -1.404, 176.00, -1.622, -176.8, 88.11, -54.48, -1.404, 180.0, -1.770, 0.0, 177.46, -1.739, 0.397, -0.845
88.04, -54.88, -1.406, 168.35, -1.577, 235.1, 88.14, -54.65, -1.405, 180.0, -1.761, 0.0, 177.56, -1.732, 0.468, -0.913
88.06, -55.05, -1.407, 176.00, -1.575, 661.4, 88.17, -54.83, -1.407, 180.0, -1.751, 0.0, 177.65, -1.725, 0.400, -0.944
88.09, -55.22, -1.409, 173.45, -1.604, 544.1, 88.20, -55.01, -1.409, 180.0, -1.742, 0.0, 177.71, -1.717, 0.424, -0.939
88.12, -55.39, -1.411, 174.72, -1.651, 218.3, 88.23, -55.19, -1.411, 180.0, -1.733, 0.0, 177.78, -1.709, 0.414, -0.903
88.15, -55.57, -1.412, 187.48, -1.689, -440.3, 88.25, -55.36, -1.412, 180.0, -1.723, 0.0, 177.76, -1.701, 0.299, -0.861
88.18, -55.75, -1.414, 179.82, -1.711, -639.1, 88.28, -55.54, -1.414, 180.0, -1.714, 0.0, 177.72, -1.692, 0.366, -0.823
88.21, -55.93, -1.416, 181.10, -1.715, -483.4, 88.31, -55.72, -1.416, 180.0, -1.705, 0.0, 177.71, -1.682, 0.355, -0.798
88.23, -56.11, -1.417, 190.03, -1.740, 498.6, 88.34, -55.90, -1.417, 180.0, -1.695, 0.0, 177.64, -1.672, 0.273, -0.756
88.26, -56.30, -1.419, 178.55, -1.757, 754.8, 88.37, -56.08, -1.419, 180.0, -1.686, 0.0, 177.59, -1.662, 0.375, -0.716
88.29, -56.47, -1.421, 177.27, -1.784, 122.5, 88.39, -56.25, -1.421, 180.0, -1.676, 0.0, 177.61, -1.652, 0.387, -0.665
88.31, -56.65, -1.423, 176.00, -1.828, -117.0, 88.42, -56.43, -1.423, 180.0, -1.667, -0.0, 177.65, -1.641, 0.399, -0.596
88.34, -56.82, -1.424, 181.10, -1.854, -380.4, 88.45, -56.61, -1.424, 180.0, -1.658, -0.0, 177.67, -1.630, 0.353, -0.532
88.37, -57.01, -1.426, 192.58, -1.841, -418.7, 88.47, -56.79, -1.426, 180.0, -1.648, 0.0, 177.58, -1.618, 0.248, -0.498
88.39, -57.19, -1.428, 174.72, -1.798, -356.5, 88.50, -56.97, -1.427, 180.0, -1.639, 0.0, 177.54, -1.607, 0.407, -0.496
88.42, -57.36, -1.430, 174.72, -1.744, 302.2, 88.52, -57.14, -1.429, 180.0, -1.629, -0.0, 177.60, -1.596, 0.408, -0.515
88.44, -57.54, -1.432, 177.27, -1.675, 716.5, 88.55, -57.32, -1.431, 180.0, -1.620, 0.0, 177.65, -1.585, 0.386, -0.559
88.47, -57.71, -1.433, 167.07, -1.604, 1173.9, 88.57, -57.50, -1.432, 180.0, -1.611, 0.0, 177.74, -1.575, 0.479, -0.617
88.49, -57.88, -1.435, 170.90, -1.536, 1073.4, 88.60, -57.68, -1.434, 180.0, -1.601, 0.0, 177.86, -1.567, 0.447, -0.681
88.51, -58.05, -1.436, 172.17, -1.490, 683.0, 88.62, -57.86, -1.436, 180.0, -1.592, 0.0, 177.96, -1.558, 0.437, -0.736
88.54, -58.22, -1.438, 181.10, -1.454, -140.9, 88.65, -58.04, -1.437, 180.0, -1.583, -0.0, 178.00, -1.550, 0.357, -0.783
88.56, -58.40, -1.439, 178.55, -1.432, -725.3, 88.67, -58.21, -1.439, 180.0, -1.573, -0.0, 178.00, -1.542, 0.380, -0.819
88.58, -58.58, -1.441, 177.27, -1.417, -871.4, 88.69, -58.39, -1.440, 180.0, -1.564, -0.0, 178.03, -1.535, 0.392, -0.846
88.61, -58.75, -1.442, 174.72, -1.441, -119.4, 88.72, -58.57, -1.442, 180.0, -1.554, 0.0, 178.07, -1.527, 0.415, -0.838
88.63, -58.92, -1.444, 170.90, -1.468, 261.4, 88.74, -58.75, -1.443, 180.0, -1.545, 0.0, 178.15, -1.519, 0.451, -0.815
88.65, -59.09, -1.445, 164.52, -1.521, -224.7, 88.76, -58.93, -1.445, 180.0, -1.536, 0.0, 178.30, -1.510, 0.511, -0.762
88.67, -59.25, -1.447, 170.90, -1.576, -392.4, 88.79, -59.11, -1.446, 180.0, -1.526, 0.0, 178.44, -1.500, 0.456, -0.692
88.69, -59.43, -1.448, 178.55, -1.601, -375.6, 88.81, -59.29, -1.448, 180.0, -1.517, -0.0, 178.50, -1.490, 0.388, -0.637
88.71, -59.61, -1.450, 186.20, -1.578, -143.3, 88.83, -59.46, -1.450, 180.0, -1.508, 0.0, 178.47, -1.480, 0.319, -0.622
88.73, -59.79, -1.451, 177.27, -1.512, -169.7, 88.85, -59.64, -1.451, 180.0, -1.498, -0.0, 178.45, -1.470, 0.399, -0.653
88.75, -59.96, -1.453, 176.00, -1.435, 48.3, 88.87, -59.82, -1.453, 180.0, -1.489, -0.0, 178.49, -1.461, 0.411, -0.710
88.77, -60.13, -1.454, 161.97, -1.384, 613.5, 88.89, -60.00, -1.454, 180.0, -1.479, 0.0, 178.62, -1.452, 0.539, -0.762
88.79, -60.30, -1.456, 174.72, -1.346, 1202.7, 88.91, -60.18, -1.455, 180.0, -1.470, 0.0, 178.75, -1.444, 0.427, -0.808
88.81, -60.47, -1.457, 176.00, -1.343, 836.2, 88.94, -60.36, -1.457, 180.0, -1.461, -0.0, 178.80, -1.436, 0.416, -0.826
88.83, -60.65, -1.458, 181.10, -1.370, 359.6, 88.96, -60.54, -1.458, 180.0, -1.451, 0.0, 178.82, -1.428, 0.370, -0.812
88.85, -60.83, -1.460, 182.37, -1.404, 275.8, 88.98, -60.72, -1.460, 180.0, -1.442, -0.0, 178.80, -1.419, 0.358, -0.780
88.87, -61.01, -1.461, 176.00, -1.432, 278.2, 89.00, -60.89, -1.461, 180.0, -1.433, 0.0, 178.80, -1.410, 0.416, -0.742
88.89, -61.19, -1.463, 187.48, -1.441, 347.7, 89.02, -61.07, -1.463, 180.0, -1.423, 0.0, 178.78, -1.401, 0.312, -0.715
88.91, -61.37, -1.464, 182.37, -1.448, 680.6, 89.03, -61.25, -1.464, 180.0, -1.414, 0.0, 178.72, -1.391, 0.357, -0.688
88.93, -61.56, -1.465, 183.65, -1.455, 120.1, 89.05, -61.43, -1.466, 180.0, -1.404, 0.0, 178.69, -1.381, 0.344, -0.660
88.95, -61.74, -1.467, 182.37, -1.458, -181.6, 89.07, -61.61, -1.467, 180.0, -1.395, -0.0, 178.65, -1.371, 0.355, -0.635
88.97, -61.92, -1.468, 173.45, -1.457, -263.1, 89.09, -61.79, -1.468, 180.0, -1.386, 0.0, 178.67, -1.361, 0.436, -0.613
88.99, -62.09, -1.470, 186.20, -1.436, -447.5, 89.11, -61.97, -1.470, 180.0, -1.376, -0.0, 178.67, -1.351, 0.321, -0.608
89.01, -62.27, -1.471, 173.45, -1.392, -485.8, 89.13, -62.15, -1.471, 180.0, -1.367, 0.0, 178.67, -1.341, 0.436, -0.628
89.02, -62.45, -1.473, 184.92, -1.325, -528.9, 89.14, -62.33, -1.472, 180.0, -1.357, 0.0, 178.68, -1.332, 0.332, -0.677
89.04, -62.64, -1.474, 186.20, -1.251, -320.5, 89.16, -62.51, -1.474, 180.0, -1.348, 0.0, 178.61, -1.323, 0.320, -0.745
89.06, -62.82, -1.475, 182.37, -1.207, 405.1, 89.18, -62.69, -1.475, 180.0, -1.339, 0.0, 178.56, -1.315, 0.353, -0.799
89.08, -63.00, -1.476, 179.82, -1.201, 390.8, 89.20, -62.86, -1.476, 180.0, -1.329, 0.0, 178.55, -1.307, 0.376, -0.823
89.09, -63.18, -1.478, 174.72, -1.227, 136.9, 89.21, -63.04, -1.478, 180.0, -1.320, -0.0, 178.58, -1.299, 0.422, -0.813
89.11, -63.35, -1.479, 176.00, -1.260, 285.4, 89.23, -63.22, -1.479, 180.0, -1.311, 0.0, 178.63, -1.290, 0.411, -0.785
89.12, -63.53, -1.480, 176.00, -1.284, -152.9, 89.25, -63.40, -1.480, 180.0, -1.301, -0.0, 178.68, -1.282, 0.412, -0.753
89.14, -63.70, -1.481, 168.35, -1.301, 175.2, 89.26, -63.58, -1.482, 180.0, -1.292, 0.0, 178.77, -1.272, 0.482, -0.722
89.15, -63.87, -1.483, 172.17, -1.294, 321.3, 89.28, -63.76, -1.483, 180.0, -1.282, 0.0, 178.88, -1.263, 0.450, -0.707
89.17, -64.04, -1.484, 177.27, -1.282, 299.8, 89.29, -63.94, -1.484, 180.0, -1.273, 0.0, 178.94, -1.253, 0.405, -0.700
89.18, -64.22, -1.485, 172.17, -1.287, 750.0, 89.31, -64.12, -1.486, 180.0, -1.264, 0.0, 179.00, -1.244, 0.452, -0.682
89.20, -64.39, -1.486, 183.65, -1.297, 1039.8, 89.33, -64.30, -1.487, 180.0, -1.254, 0.0, 179.02, -1.234, 0.349, -0.658
89.21, -64.57, -1.488, 178.55, -1.309, 1051.8, 89.34, -64.48, -1.488, 180.0, -1.245, -0.0, 179.01, -1.224, 0.395, -0.628
89.23, -64.75, -1.489, 177.27, -1.311, 965.6, 89.35, -64.66, -1.489, 180.0, -1.236, 0.0, 179.03, -1.214, 0.406, -0.603
89.24, -64.92, -1.490, 168.35, -1.287, 651.8, 89.37, -64.84, -1.491, 180.0, -1.226, 0.0, 179.11, -1.204, 0.488, -0.600
89.26, -65.10, -1.492, 179.82, -1.248, 498.6, 89.38, -65.02, -1.492, 180.0, -1.217, 0.0, 179.18, -1.194, 0.386, -0.616
89.27, -65.27, -1.493, 174.72, -1.202, 242.3, 89.40, -65.20, -1.493, 180.0, -1.207, -0.0, 179.21, -1.184, 0.432, -0.646
89.28, -65.45, -1.494, 172.17, -1.177, -246.3, 89.41, -65.38, -1.494, 180.0, -1.198, 0.0, 179.28, -1.175, 0.457, -0.666
89.30, -65.62, -1.495, 177.27, -1.157, -524.1, 89.43, -65.55, -1.495, 180.0, -1.189, 0.0, 179.34, -1.166, 0.412, -0.683
89.31, -65.79, -1.496, 170.90, -1.124, -627.1, 89.44, -65.73, -1.497, 180.0, -1.179, 0.0, 179.41, -1.157, 0.470, -0.710
89.32, -65.96, -1.497, 170.90, -1.077, -871.4, 89.45, -65.91, -1.498, 180.0, -1.170, 0.0, 179.51, -1.148, 0.472, -0.753
89.33, -66.14, -1.499, 174.72, -1.024, -866.6, 89.47, -66.09, -1.499, 180.0, -1.161, 0.0, 179.60, -1.140, 0.439, -0.807
89.35, -66.31, -1.500, 174.72, -0.988, -742.1, 89.48, -66.27, -1.500, 180.0, -1.151, 0.0, 179.66, -1.133, 0.440, -0.854
89.36, -66.48, -1.501, 167.07, -0.985, -624.7, 89.49, -66.45, -1.501, 180.0, -1.142, 0.0, 179.76, -1.125, 0.511, -0.876
89.37, -66.65, -1.502, 177.27, -1.008, 2.8, 89.50, -66.63, -1.502, 180.0, -1.132, 0.0, 179.85, -1.117, 0.421, -0.868
89.38, -66.83, -1.503, 182.37, -1.051, 144.1, 89.52, -66.81, -1.503, 180.0, -1.123, -0.0, 179.85, -1.109, 0.375, -0.835
89.40, -67.02, -1.504, 184.92, -1.108, 261.4, 89.53, -66.99, -1.505, 180.0, -1.114, 0.0, 179.81, -1.100, 0.351, -0.775
89.41, -67.20, -1.505, 183.65, -1.163, 1104.5, 89.54, -67.17, -1.506, 180.0, -1.104, 0.0, 179.76, -1.091, 0.362, -0.704
89.42, -67.38, -1.506, 168.35, -1.204, 1406.3, 89.55, -67.35, -1.507, 180.0, -1.095, 0.0, 179.80, -1.080, 0.500, -0.635
89.43, -67.55, -1.507, 174.72, -1.244, 1375.1, 89.56, -67.53, -1.508, 180.0, -1.086, -0.0, 179.90, -1.069, 0.445, -0.561
89.44, -67.73, -1.508, 184.92, -1.276, 1317.6, 89.57, -67.71, -1.509, 180.0, -1.076, 0.0, 179.90, -1.058, 0.353, -0.490
89.45, -67.91, -1.510, 174.72, -1.288, 807.5, 89.58, -67.89, -1.510, 180.0, -1.067, 0.0, 179.90, -1.046, 0.445, -0.432
89.46, -68.08, -1.511, 170.90, -1.271, 577.6, 89.60, -68.07, -1.511, 180.0, -1.057, 0.0, 179.98, -1.034, 0.481, -0.400
89.47, -68.25, -1.512, 178.55, -1.237, 786.0, 89.61, -68.25, -1.512, 180.0, -1.048, -0.0, 180.04, -1.022, 0.413, -0.391
89.48, -68.44, -1.513, 186.20, -1.176, 704.5, 89.62, -68.43, -1.513, 180.0, -1.039, -0.0, 180.01, -1.011, 0.343, -0.413
89.49, -68.61, -1.515, 172.17, -1.130, -42.7, 89.63, -68.61, -1.514, 180.0, -1.029, -0.0, 180.02, -1.000, 0.470, -0.435
89.50, -68.79, -1.516, 183.65, -1.082, -306.2, 89.64, -68.79, -1.515, 180.0, -1.020, 0.0, 180.04, -0.990, 0.367, -0.466
89.51, -68.97, -1.517, 178.55, -1.045, -181.6, 89.65, -68.97, -1.516, 180.0, -1.010, 0.0, 180.02, -0.980, 0.413, -0.493
89.52, -69.16, -1.518, 192.58, -1.000, -311.0, 89.66, -69.15, -1.517, 180.0, -1.001, 0.0, 179.96, -0.970, 0.285, -0.529
89.53, -69.34, -1.519, 179.82, -0.951, -291.8, 89.67, -69.33, -1.518, 180.0, -0.992, -0.0, 179.88, -0.961, 0.399, -0.573
89.54, -69.52, -1.520, 170.90, -0.901, -229.5, 89.68, -69.51, -1.519, 180.0, -0.982, -0.0, 179.94, -0.953, 0.480, -0.622
89.55, -69.69, -1.521, 173.45, -0.903, -157.7, 89.68, -69.69, -1.520, 180.0, -0.973, 0.0, 180.03, -0.944, 0.459, -0.632
89.56, -69.86, -1.522, 169.62, -0.935, -136.1, 89.69, -69.87, -1.521, 180.0, -0.964, -0.0, 180.12, -0.935, 0.495, -0.609
89.57, -70.03, -1.522, 167.07, -0.973, -392.4, 89.70, -70.05, -1.522, 180.0, -0.954, 0.0, 180.25, -0.926, 0.520, -0.567
89.57, -70.20, -1.523, 168.35, -0.992, 141.7, 89.71, -70.23, -1.523, 180.0, -0.945, 0.0, 180.39, -0.916, 0.511, -0.530
89.58, -70.37, -1.524, 177.27, -0.970, 637.5, 89.72, -70.41, -1.524, 180.0, -0.935, -0.0, 180.48, -0.906, 0.433, -0.524
89.59, -70.55, -1.525, 184.92, -0.929, 472.2, 89.73, -70.59, -1.525, 180.0, -0.926, -0.0, 180.46, -0.897, 0.364, -0.541
89.60, -70.73, -1.526, 182.37, -0.897, 802.7, 89.74, -70.77, -1.526, 180.0, -0.917, 0.0, 180.42, -0.887, 0.386, -0.559
89.61, -70.92, -1.527, 179.82, -0.882, 738.1, 89.74, -70.94, -1.527, 180.0, -0.907, 0.0, 180.40, -0.878, 0.408, -0.568
89.61, -71.09, -1.528, 177.27, -0.916, 453.0, 89.75, -71.12, -1.528, 180.0, -0.898, 0.0, 180.42, -0.869, 0.432, -0.536
89.62, -71.27, -1.529, 177.27, -0.944, 491.4, 89.76, -71.30, -1.529, 180.0, -0.889, 0.0, 180.45, -0.859, 0.432, -0.495
89.63, -71.45, -1.530, 176.00, -0.956, 259.1, 89.77, -71.48, -1.529, 180.0, -0.879, -0.0, 180.49, -0.849, 0.445, -0.461
89.64, -71.63, -1.531, 187.48, -0.959, 395.6, 89.77, -71.66, -1.530, 180.0, -0.870, 0.0, 180.46, -0.838, 0.341, -0.432
89.64, -71.81, -1.532, 167.07, -0.946, 831.5, 89.78, -71.84, -1.531, 180.0, -0.860, 0.0, 180.49, -0.828, 0.525, -0.416
89.65, -71.98, -1.533, 181.10, -0.921, 668.6, 89.79, -72.02, -1.532, 180.0, -0.851, -0.0, 180.56, -0.818, 0.400, -0.414
89.66, -72.16, -1.534, 178.55, -0.887, 577.6, 89.80, -72.20, -1.533, 180.0, -0.842, -0.0, 180.56, -0.807, 0.423, -0.426
89.66, -72.34, -1.535, 176.00, -0.842, 237.5, 89.80, -72.38, -1.534, 180.0, -0.832, 0.0, 180.59, -0.798, 0.447, -0.452
89.67, -72.51, -1.535, 176.00, -0.814, 108.2, 89.81, -72.56, -1.535, 180.0, -0.823, -0.0, 180.64, -0.788, 0.448, -0.472
89.68, -72.69, -1.536, 169.62, -0.801, 96.2, 89.82, -72.74, -1.535, 180.0, -0.814, -0.0, 180.72, -0.779, 0.507, -0.480
89.68, -72.86, -1.537, 177.27, -0.793, -76.3, 89.82, -72.92, -1.536, 180.0, -0.804, 0.0, 180.79, -0.770, 0.439, -0.483
89.69, -73.04, -1.538, 181.10, -0.793, -114.6, 89.83, -73.10, -1.537, 180.0, -0.795, 0.0, 180.80, -0.760, 0.405, -0.476
89.69, -73.22, -1.539, 178.55, -0.795, -143.3, 89.83, -73.28, -1.538, 180.0, -0.785, -0.0, 180.80, -0.751, 0.428, -0.464
89.70, -73.40, -1.539, 178.55, -0.775, -176.8, 89.84, -73.46, -1.539, 180.0, -0.776, 0.0, 180.82, -0.741, 0.428, -0.467
89.70, -73.58, -1.540, 190.03, -0.742, -59.5, 89.85, -73.64, -1.539, 180.0, -0.767, 0.0, 180.76, -0.732, 0.324, -0.484
89.71, -73.76, -1.541, 169.62, -0.718, 683.0, 89.85, -73.82, -1.540, 180.0, -0.757, 0.0, 180.77, -0.723, 0.508, -0.500
89.71, -73.94, -1.542, 186.20, -0.727, 429.1, 89.86, -74.00, -1.541, 180.0, -0.748, 0.0, 180.79, -0.714, 0.359, -0.491
89.72, -74.12, -1.542, 183.65, -0.749, -52.3, 89.86, -74.18, -1.542, 180.0, -0.738, 0.0, 180.73, -0.705, 0.381, -0.464
89.72, -74.30, -1.543, 176.00, -0.755, -150.5, 89.87, -74.36, -1.542, 180.0, -0.729, 0.0, 180.73, -0.695, 0.450, -0.442
89.73, -74.48, -1.544, 187.48, -0.757, 201.6, 89.87, -74.54, -1.543, 180.0, -0.720, 0.0, 180.71, -0.685, 0.347, -0.421
89.73, -74.67, -1.545, 190.03, -0.770, 273.4, 89.88, -74.72, -1.544, 180.0, -0.710, 0.0, 180.61, -0.675, 0.322, -0.391
89.74, -74.86, -1.545, 183.65, -0.755, 124.9, 89.88, -74.90, -1.544, 180.0, -0.701, 0.0, 180.53, -0.665, 0.378, -0.380
89.74, -75.04, -1.546, 186.20, -0.741, 527.3, 89.89, -75.08, -1.545, 180.0, -0.692, 0.0, 180.47, -0.655, 0.354, -0.372
89.75, -75.23, -1.547, 182.37, -0.722, 603.9, 89.89, -75.26, -1.546, 180.0, -0.682, 0.0, 180.42, -0.645, 0.387, -0.370
89.75, -75.42, -1.548, 196.40, -0.707, 692.5, 89.90, -75.44, -1.547, 180.0, -0.673, 0.0, 180.31, -0.635, 0.259, -0.369
89.76, -75.61, -1.548, 181.10, -0.678, 136.9, 89.90, -75.62, -1.547, 180.0, -0.663, 0.0, 180.21, -0.626, 0.395, -0.380
89.76, -75.78, -1.549, 169.62, -0.656, -428.3, 89.90, -75.80, -1.548, 180.0, -0.654, 0.0, 180.26, -0.616, 0.499, -0.390
89.76, -75.96, -1.550, 187.48, -0.648, -138.5, 89.91, -75.98, -1.549, 180.0, -0.645, 0.0, 180.28, -0.607, 0.339, -0.390
89.77, -76.15, -1.550, 187.48, -0.653, 180.0, 89.91, -76.16, -1.549, 180.0, -0.635, 0.0, 180.19, -0.597, 0.337, -0.377
89.77, -76.33, -1.551, 182.37, -0.654, 259.1, 89.92, -76.34, -1.550, 180.0, -0.626, 0.0, 180.13, -0.587, 0.382, -0.362
89.78, -76.52, -1.552, 184.92, -0.648, 249.5, 89.92, -76.52, -1.550, 180.0, -0.617, 0.0, 180.09, -0.578, 0.359, -0.351
89.78, -76.70, -1.552, 186.20, -0.637, 113.0, 89.92, -76.70, -1.551, 180.0, -0.607, -0.0, 180.02, -0.568, 0.346, -0.344
89.78, -76.89, -1.553, 190.03, -0.629, -33.1, 89.93, -76.88, -1.552, 180.0, -0.598, 0.0, 179.93, -0.558, 0.310, -0.336
89.79, -77.07, -1.553, 178.55, -0.611, -203.2, 89.93, -77.06, -1.552, 180.0, -0.588, -0.0, 179.88, -0.548, 0.412, -0.336
89.79, -77.26, -1.554, 182.37, -0.587, -370.8, 89.93, -77.24, -1.553, 180.0, -0.579, 0.0, 179.87, -0.539, 0.378, -0.343
89.79, -77.43, -1.555, 176.00, -0.553, -275.0, 89.94, -77.42, -1.553, 180.0, -0.570, -0.0, 179.88, -0.529, 0.435, -0.363
89.79, -77.61, -1.555, 183.65, -0.529, -397.2, 89.94, -77.60, -1.554, 180.0, -0.560, 0.0, 179.88, -0.520, 0.366, -0.379
89.80, -77.80, -1.556, 195.13, -0.511, -334.9, 89.94, -77.78, -1.554, 180.0, -0.551, 0.0, 179.78, -0.511, 0.261, -0.391
89.80, -77.99, -1.556, 173.45, -0.515, -71.5, 89.95, -77.96, -1.555, 180.0, -0.542, 0.0, 179.73, -0.502, 0.455, -0.385
89.80, -78.16, -1.557, 179.82, -0.521, 7.6, 89.95, -78.14, -1.556, 180.0, -0.532, 0.0, 179.76, -0.493, 0.398, -0.373
89.80, -78.34, -1.557, 168.35, -0.532, 536.9, 89.95, -78.32, -1.556, 180.0, -0.523, 0.0, 179.83, -0.484, 0.503, -0.351
89.81, -78.51, -1.558, 182.37, -0.528, 321.3, 89.95, -78.50, -1.557, 180.0, -0.513, 0.0, 179.88, -0.474, 0.378, -0.338
89.81, -78.70, -1.558, 197.68, -0.520, 98.6, 89.96, -78.68, -1.557, 180.0, -0.504, 0.0, 179.77, -0.464, 0.238, -0.328
89.81, -78.89, -1.559, 179.82, -0.516, 601.5, 89.96, -78.86, -1.558, 180.0, -0.495, 0.0, 179.67, -0.455, 0.397, -0.316
89.81, -79.07, -1.559, 177.27, -0.524, 805.1, 89.96, -79.04, -1.558, 180.0, -0.485, 0.0, 179.68, -0.445, 0.420, -0.294
89.82, -79.25, -1.560, 178.55, -0.517, 654.2, 89.96, -79.22, -1.559, 180.0, -0.476, -0.0, 179.70, -0.435, 0.409, -0.280
89.82, -79.43, -1.560, 176.00, -0.500, 14.8, 89.97, -79.40, -1.559, 180.0, -0.466, 0.0, 179.74, -0.425, 0.432, -0.276
89.82, -79.60, -1.561, 176.00, -0.474, -291.8, 89.97, -79.58, -1.560, 180.0, -0.457, 0.0, 179.78, -0.416, 0.433, -0.283
89.82, -79.78, -1.561, 182.37, -0.461, 122.5, 89.97, -79.76, -1.560, 180.0, -0.448, -0.0, 179.79, -0.406, 0.376, -0.283
89.82, -79.96, -1.562, 172.17, -0.463, -61.9, 89.97, -79.94, -1.560, 180.0, -0.438, 0.0, 179.82, -0.396, 0.468, -0.271
89.82, -80.14, -1.562, 187.48, -0.464, 175.2, 89.97, -80.12, -1.561, 180.0, -0.429, 0.0, 179.82, -0.387, 0.331, -0.255
89.83, -80.32, -1.563, 177.27, -0.468, 134.5, 89.97, -80.30, -1.561, 180.0, -0.420, 0.0, 179.79, -0.377, 0.422, -0.235
89.83, -80.50, -1.563, 183.65, -0.454, -282.2, 89.98, -80.48, -1.562, 180.0, -0.410, 0.0, 179.79, -0.367, 0.364, -0.226
89.83, -80.69, -1.564, 191.30, -0.447, -191.2, 89.98, -80.66, -1.562, 180.0, -0.401, 0.0, 179.70, -0.357, 0.294, -0.215
89.83, -80.87, -1.564, 174.72, -0.423, -102.6, 89.98, -80.84, -1.562, 180.0, -0.391, -0.0, 179.67, -0.347, 0.442, -0.218
89.83, -81.05, -1.564, 176.00, -0.368, 26.7, 89.98, -81.02, -1.563, 180.0, -0.382, -0.0, 179.72, -0.337, 0.432, -0.251
89.83, -81.22, -1.565, 174.72, -0.307, -215.2, 89.98, -81.20, -1.563, 180.0, -0.373, -0.0, 179.77, -0.328, 0.444, -0.300
89.83, -81.39, -1.565, 168.35, -0.259, -191.2, 89.98, -81.38, -1.564, 180.0, -0.363, 0.0, 179.87, -0.320, 0.503, -0.349
89.83, -81.57, -1.565, 184.92, -0.238, 103.4, 89.98, -81.56, -1.564, 180.0, -0.354, 0.0, 179.90, -0.312, 0.355, -0.379
89.83, -81.75, -1.566, 182.37, -0.248, -294.2, 89.99, -81.74, -1.564, 180.0, -0.345, 0.0, 179.86, -0.304, 0.377, -0.381
89.84, -81.94, -1.566, 179.82, -0.288, -11.6, 89.99, -81.92, -1.565, 180.0, -0.335, -0.0, 179.85, -0.295, 0.400, -0.348
89.84, -82.12, -1.566, 193.85, -0.362, 357.2, 89.99, -82.10, -1.565, 180.0, -0.326, 0.0, 179.77, -0.286, 0.272, -0.273
89.84, -82.31, -1.567, 183.65, -0.406, 383.6, 89.99, -82.28, -1.565, 180.0, -0.316, -0.0, 179.67, -0.275, 0.362, -0.204
89.84, -82.50, -1.567, 187.48, -0.426, 395.6, 89.99, -82.46, -1.566, 180.0, -0.307, 0.0, 179.61, -0.265, 0.326, -0.148
89.84, -82.68, -1.567, 172.17, -0.413, 232.7, 89.99, -82.64, -1.566, 180.0, -0.298, 0.0, 179.61, -0.254, 0.464, -0.120
89.84, -82.85, -1.568, 181.10, -0.371, 314.1, 89.99, -82.82, -1.566, 180.0, -0.288, 0.0, 179.64, -0.243, 0.384, -0.123
89.84, -83.04, -1.568, 184.92, -0.330, -131.3, 89.99, -83.00, -1.567, 180.0, -0.279, -0.0, 179.61, -0.233, 0.349, -0.138
89.84, -83.22, -1.568, 192.58, -0.290, -385.2, 89.99, -83.18, -1.567, 180.0, -0.270, -0.0, 179.51, -0.223, 0.279, -0.159
89.84, -83.41, -1.569, 178.55, -0.251, -140.9, 89.99, -83.36, -1.567, 180.0, -0.260, -0.0, 179.45, -0.214, 0.404, -0.186
89.84, -83.60, -1.569, 200.23, -0.226, -42.7, 89.99, -83.54, -1.567, 180.0, -0.251, 0.0, 179.34, -0.205, 0.206, -0.206
89.84, -83.79, -1.569, 182.37, -0.220, -208.0, 90.00, -83.72, -1.568, 180.0, -0.241, 0.0, 179.21, -0.196, 0.365, -0.210
89.84, -83.97, -1.569, 184.92, -0.242, -152.9, 90.00, -83.90, -1.568, 180.0, -0.232, -0.0, 179.17, -0.186, 0.341, -0.186
89.84, -84.17, -1.570, 197.68, -0.249, -871.4, 90.00, -84.08, -1.568, 180.0, -0.223, 0.0, 179.04, -0.177, 0.224, -0.164
89.84, -84.36, -1.570, 184.92, -0.263, -749.3, 90.00, -84.26, -1.568, 180.0, -0.213, 0.0, 178.91, -0.167, 0.336, -0.134
89.84, -84.54, -1.570, 176.00, -0.251, -18.8, 90.00, -84.44, -1.568, 180.0, -0.204, -0.0, 178.90, -0.157, 0.416, -0.121
89.84, -84.69, -1.570, 122.43, -0.220, 33.9, 90.00, -84.62, -1.569, 180.0, -0.194, 0.0, 179.25, -0.147, 0.905, -0.127
89.84, -84.83, -1.571, 170.90, -0.186, -418.7, 90.00, -84.80, -1.569, 180.0, -0.185, 0.0, 179.63, -0.137, 0.475, -0.143
89.84, -85.02, -1.571, 205.33, -0.151, -64.3, 90.00, -84.98, -1.569, 180.0, -0.176, 0.0, 179.54, -0.128, 0.164, -0.165
89.84, -85.22, -1.571, 188.75, -0.144, 1087.7, 90.00, -85.16, -1.569, 180.0, -0.166, -0.0, 179.35, -0.119, 0.309, -0.168
89.84, -85.39, -1.571, 161.97, -0.167, 1262.6, 90.00, -85.34, -1.569, 180.0, -0.157, 0.0, 179.40, -0.109, 0.551, -0.143
89.84, -85.57, -1.571, 181.10, -0.188, 853.0, 90.00, -85.52, -1.570, 180.0, -0.148, -0.0, 179.50, -0.100, 0.381, -0.109
89.84, -85.74, -1.571, 160.69, -0.162, 196.8, 90.00, -85.70, -1.570, 180.0, -0.138, 0.0, 179.60, -0.090, 0.566, -0.108
89.84, -85.89, -1.572, 155.59, -0.120, -35.5, 90.00, -85.88, -1.570, 180.0, -0.129, 0.0, 179.85, -0.080, 0.617, -0.128
89.84, -86.07, -1.572, 193.85, -0.091, 0.4, 90.00, -86.06, -1.570, 180.0, -0.119, 0.0, 179.91, -0.071, 0.274, -0.146
89.84, -86.27, -1.572, 197.68, -0.075, 283.0, 90.00, -86.24, -1.570, 180.0, -0.110, 0.0, 179.73, -0.062, 0.236, -0.156
89.84, -86.45, -1.572, 170.90, -0.065, 230.3, 90.00, -86.42, -1.570, 180.0, -0.101, 0.0, 179.68, -0.053, 0.476, -0.160
89.84, -86.62, -1.572, 160.69, -0.067, 172.8, 90.00, -86.60, -1.570, 180.0, -0.091, 0.0, 179.84, -0.044, 0.571, -0.152
89.84, -86.79, -1.572, 191.30, -0.072, 532.1, 90.00, -86.78, -1.570, 180.0, -0.082, 0.0, 179.89, -0.035, 0.296, -0.139
89.84, -86.97, -1.572, 164.52, -0.067, 26.7, 90.00, -86.96, -1.570, 180.0, -0.073, 0.0, 179.91, -0.026, 0.537, -0.130
89.84, -87.13, -1.572, 163.24, -0.057, -418.7, 90.00, -87.14, -1.570, 180.0, -0.065, 0.0, 180.09, -0.017, 0.552, -0.126
89.84, -87.31, -1.572, 192.58, -0.043, -311.0, 90.00, -87.32, -1.571, 180.0, -0.057, 0.0, 180.12, -0.010, 0.289, -0.126
89.84, -87.49, -1.572, 156.87, -0.037, 199.2, 90.00, -87.50, -1.571, 180.0, -0.049, 0.0, 180.18, -0.002, 0.611, -0.123
89.84, -87.66, -1.572, 196.40, -0.042, 620.7, 90.00, -87.68, -1.571, 180.0, -0.043, 0.0, 180.21, 0.004, 0.256, -0.110
89.84, -87.85, -1.572, 176.00, -0.061, 618.3, 90.00, -87.86, -1.571, 180.0, -0.036, 0.0, 180.14, 0.011, 0.439, -0.083
89.84, -88.03, -1.572, 178.55, -0.061, 309.3, 90.00, -88.04, -1.571, 180.0, -0.030, 0.0, 180.17, 0.017, 0.416, -0.066
89.84, -88.21, -1.572, 193.85, -0.054, -102.6, 90.00, -88.22, -1.571, 180.0, -0.025, -0.0, 180.10, 0.023, 0.277, -0.057
89.84, -88.41, -1.572, 196.40, -0.039, 77.0, 90.00, -88.40, -1.571, 180.0, -0.020, 0.0, 179.93, 0.028, 0.251, -0.056
89.84, -88.59, -1.572, 174.72, -0.029, 160.9, 90.00, -88.58, -1.571, 180.0, -0.016, 0.0, 179.87, 0.033, 0.445, -0.056
89.84, -88.78, -1.572, 196.40, -0.025, 98.6, 90.00, -88.76, -1.571, 180.0, -0.012, 0.0, 179.81, 0.037, 0.249, -0.051
89.84, -88.97, -1.572, 183.65, -0.009, -265.5, 90.00, -88.94, -1.571, 180.0, -0.009, 0.0, 179.69, 0.040, 0.361, -0.057
89.84, -89.14, -1.572, 154.32, 0.019, -301.4, 90.00, -89.12, -1.571, 180.0, -0.006, 0.0, 179.82, 0.043, 0.628, -0.076
89.84, -89.31, -1.572, 195.13, 0.041, -162.5, 90.00, -89.30, -1.571, 180.0, -0.004, 0.0, 179.88, 0.045, 0.261, -0.097
89.84, -89.50, -1.572, 186.20, 0.045, -200.8, 90.00, -89.48, -1.571, 180.0, -0.002, -0.0, 179.76, 0.046, 0.340, -0.106
89.84, -89.68, -1.572, 177.27, 0.047, 120.1, 90.00, -89.66, -1.571, 180.0, -0.001, 0.0, 179.74, 0.047, 0.419, -0.111
89.84, -89.87, -1.572, 187.48, 0.022, 570.4, 90.00, -89.84, -1.571, 180.0, -0.000, 0.0, 179.71, 0.047, 0.327, -0.092