0.12, 0.00, 0.000, 241.04, 0.058, -271.5, 0.25, 0.00, 0.000, 250.0, 0.001, 0.0, 257.16, 0.000, 0.541, -0.048
0.37, 0.00, 0.000, 250.93, 0.066, -12.8, 0.50, 0.00, 0.000, 250.0, 0.004, 0.0, 257.21, 0.003, 0.454, -0.067
0.62, 0.00, 0.000, 254.64, 0.065, 87.7, 0.75, 0.00, 0.000, 250.0, 0.009, 0.0, 257.20, 0.007, 0.421, -0.075
0.87, 0.00, 0.000, 253.40, 0.064, 138.0, 1.00, 0.00, 0.000, 250.0, 0.016, 0.0, 257.17, 0.013, 0.432, -0.077
1.13, 0.00, 0.000, 259.58, 0.059, 133.3, 1.25, 0.00, 0.000, 250.0, 0.024, -0.0, 257.12, 0.021, 0.376, -0.071
1.39, 0.00, 0.000, 250.93, 0.065, -106.2, 1.50, 0.00, 0.000, 250.0, 0.035, 0.0, 257.08, 0.031, 0.453, -0.069
1.64, 0.00, 0.000, 257.11, 0.074, -226.0, 1.75, 0.00, 0.000, 250.0, 0.048, 0.0, 257.05, 0.043, 0.398, -0.067
1.90, 0.00, 0.001, 257.11, 0.060, 116.5, 2.00, 0.00, 0.000, 250.0, 0.063, 0.0, 256.99, 0.057, 0.397, -0.045
2.15, 0.00, 0.001, 248.46, 0.031, 578.7, 2.25, 0.00, 0.000, 250.0, 0.079, 0.0, 256.97, 0.074, 0.475, -0.002
2.40, 0.00, 0.001, 244.75, -0.003, 851.8, 2.50, 0.00, 0.000, 250.0, 0.098, 0.0, 257.02, 0.093, 0.510, 0.057
2.64, 0.00, 0.001, 245.98, -0.021, 703.3, 2.75, 0.00, 0.000, 250.0, 0.118, 0.0, 257.07, 0.114, 0.501, 0.113
2.89, 0.00, 0.001, 248.46, -0.023, -113.4, 3.00, 0.00, 0.001, 250.0, 0.141, 0.0, 257.11, 0.137, 0.480, 0.161
3.14, 0.00, 0.001, 249.69, -0.001, -398.4, 3.25, 0.00, 0.001, 250.0, 0.164, 0.0, 257.13, 0.161, 0.469, 0.189
3.39, 0.00, 0.001, 257.11, 0.022, -647.5, 3.50, 0.00, 0.001, 250.0, 0.186, 0.0, 257.11, 0.185, 0.403, 0.212
3.65, 0.00, 0.001, 254.64, 0.035, -755.3, 3.75, 0.00, 0.001, 250.0, 0.209, -0.0, 257.06, 0.209, 0.425, 0.240
3.90, 0.00, 0.001, 249.69, 0.054, -27.2, 4.00, 0.00, 0.001, 250.0, 0.232, 0.0, 257.05, 0.233, 0.469, 0.264
4.15, 0.00, 0.001, 249.69, 0.074, -302.6, 4.25, 0.00, 0.002, 250.0, 0.255, -0.0, 257.06, 0.257, 0.470, 0.286
4.39, 0.00, 0.001, 242.28, 0.113, -130.2, 4.50, 0.00, 0.002, 250.0, 0.278, 0.0, 257.11, 0.280, 0.539, 0.291
4.64, 0.00, 0.001, 245.98, 0.165, 779.9, 4.75, 0.00, 0.002, 250.0, 0.301, -0.0, 257.18, 0.304, 0.507, 0.281
4.88, 0.00, 0.001, 237.33, 0.212, 966.7, 5.00, 0.00, 0.002, 250.0, 0.324, -0.0, 257.28, 0.327, 0.587, 0.267
5.12, 0.00, 0.001, 233.62, 0.255, 995.5, 5.25, 0.00, 0.003, 250.0, 0.347, 0.0, 257.44, 0.350, 0.624, 0.253
5.35, 0.00, 0.002, 237.33, 0.306, 1134.4, 5.50, 0.00, 0.003, 250.0, 0.370, 0.0, 257.60, 0.373, 0.595, 0.231
5.59, 0.00, 0.002, 233.62, 0.367, 1203.8, 5.75, 0.01, 0.003, 250.0, 0.393, 0.0, 257.76, 0.395, 0.632, 0.195
5.82, 0.00, 0.002, 232.39, 0.414, 1199.0, 6.00, 0.01, 0.004, 250.0, 0.415, -0.0, 257.94, 0.417, 0.647, 0.165
6.05, 0.00, 0.003, 237.33, 0.438, 1002.6, 6.25, 0.01, 0.004, 250.0, 0.438, 0.0, 258.11, 0.440, 0.606, 0.153
6.29, 0.01, 0.003, 243.51, 0.445, 552.4, 6.50, 0.01, 0.005, 250.0, 0.461, 0.0, 258.23, 0.462, 0.554, 0.159
6.54, 0.01, 0.004, 248.46, 0.435, 202.7, 6.75, 0.01, 0.005, 250.0, 0.484, 0.0, 258.29, 0.485, 0.511, 0.186
6.79, 0.01, 0.004, 248.46, 0.438, 303.3, 7.00, 0.01, 0.006, 250.0, 0.507, 0.0, 258.33, 0.508, 0.512, 0.212
7.04, 0.01, 0.005, 243.51, 0.444, 569.1, 7.25, 0.01, 0.006, 250.0, 0.530, 0.0, 258.39, 0.530, 0.558, 0.238
7.28, 0.01, 0.005, 241.04, 0.452, 559.6, 7.50, 0.01, 0.007, 250.0, 0.553, 0.0, 258.49, 0.553, 0.583, 0.263
7.52, 0.01, 0.005, 249.69, 0.449, 492.5, 7.75, 0.02, 0.007, 250.0, 0.576, 0.0, 258.56, 0.577, 0.507, 0.301
7.77, 0.01, 0.006, 242.28, 0.438, 274.6, 8.00, 0.02, 0.008, 250.0, 0.599, 0.0, 258.62, 0.600, 0.576, 0.348
8.01, 0.01, 0.006, 249.69, 0.426, 253.0, 8.25, 0.02, 0.009, 250.0, 0.622, 0.0, 258.68, 0.624, 0.511, 0.403
8.26, 0.02, 0.007, 244.75, 0.420, 449.4, 8.50, 0.02, 0.009, 250.0, 0.644, 0.0, 258.73, 0.648, 0.557, 0.456
8.50, 0.02, 0.007, 239.80, 0.443, 878.1, 8.75, 0.02, 0.010, 250.0, 0.667, 0.0, 258.84, 0.671, 0.604, 0.489
8.75, 0.02, 0.008, 244.75, 0.476, 1258.9, 9.00, 0.03, 0.011, 250.0, 0.690, 0.0, 258.94, 0.696, 0.562, 0.508
8.99, 0.02, 0.008, 247.22, 0.512, 1175.1, 9.25, 0.03, 0.011, 250.0, 0.713, -0.0, 259.00, 0.720, 0.542, 0.520
9.23, 0.02, 0.009, 231.15, 0.545, 971.5, 9.50, 0.03, 0.012, 250.0, 0.736, 0.0, 259.14, 0.742, 0.689, 0.528
9.47, 0.03, 0.009, 238.57, 0.572, 691.3, 9.75, 0.04, 0.013, 250.0, 0.759, 0.0, 259.32, 0.767, 0.627, 0.541
9.71, 0.03, 0.010, 242.28, 0.598, 643.4, 10.00, 0.04, 0.013, 250.0, 0.782, 0.0, 259.44, 0.791, 0.596, 0.554
9.95, 0.03, 0.010, 249.69, 0.640, 557.2, 10.25, 0.04, 0.014, 250.0, 0.805, 0.0, 259.51, 0.816, 0.532, 0.555
10.20, 0.03, 0.011, 253.40, 0.708, 475.7, 10.50, 0.05, 0.015, 250.0, 0.828, 0.0, 259.53, 0.840, 0.499, 0.530
10.46, 0.04, 0.012, 255.87, 0.540, -405.6, 10.75, 0.05, 0.016, 250.0, 0.851, 0.0, 259.51, 0.865, 0.477, 0.693
10.72, 0.04, 0.012, 262.05, 0.898, -1081.0, 11.00, 0.05, 0.017, 250.0, 0.873, -0.0, 259.45, 0.890, 0.421, 0.468
10.98, 0.04, 0.013, 258.35, 0.941, -247.6, 11.25, 0.06, 0.018, 250.0, 0.896, 0.0, 259.37, 0.911, 0.453, 0.411
11.24, 0.05, 0.014, 259.58, 0.947, -22.4, 11.50, 0.06, 0.019, 250.0, 0.919, 0.0, 259.31, 0.934, 0.442, 0.395
11.49, 0.05, 0.015, 247.22, 0.923, 1.5, 11.75, 0.07, 0.020, 250.0, 0.942, 0.0, 259.30, 0.954, 0.553, 0.418
11.74, 0.05, 0.016, 260.82, 0.915, 387.1, 12.00, 0.07, 0.020, 250.0, 0.965, 0.0, 259.29, 0.979, 0.431, 0.448
12.00, 0.06, 0.017, 258.35, 0.908, 358.4, 12.25, 0.08, 0.021, 250.0, 0.988, 0.0, 259.22, 1.002, 0.453, 0.483
12.26, 0.06, 0.018, 262.05, 0.917, -22.4, 12.50, 0.08, 0.022, 250.0, 1.011, 0.0, 259.14, 1.026, 0.418, 0.512
12.53, 0.07, 0.019, 263.29, 0.923, -317.0, 12.75, 0.09, 0.023, 250.0, 1.034, 0.0, 259.04, 1.050, 0.406, 0.544
12.79, 0.07, 0.020, 263.29, 0.935, -398.4, 13.00, 0.10, 0.025, 250.0, 1.057, -0.0, 258.92, 1.074, 0.404, 0.572
13.05, 0.08, 0.021, 260.82, 0.947, -384.1, 13.25, 0.10, 0.026, 250.0, 1.080, 0.0, 258.82, 1.098, 0.425, 0.600
13.31, 0.08, 0.022, 258.35, 0.965, 190.7, 13.50, 0.11, 0.027, 250.0, 1.102, -0.0, 258.75, 1.122, 0.447, 0.623
13.57, 0.09, 0.023, 250.93, 0.995, 609.9, 13.75, 0.11, 0.028, 250.0, 1.125, 0.0, 258.72, 1.144, 0.513, 0.635
13.82, 0.10, 0.024, 252.17, 1.033, 648.2, 14.00, 0.12, 0.029, 250.0, 1.148, 0.0, 258.72, 1.168, 0.503, 0.636
14.07, 0.10, 0.025, 262.05, 1.067, 518.9, 14.25, 0.13, 0.030, 250.0, 1.171, 0.0, 258.67, 1.194, 0.414, 0.640
14.33, 0.11, 0.026, 255.87, 1.099, -235.6, 14.50, 0.14, 0.031, 250.0, 1.194, 0.0, 258.60, 1.217, 0.468, 0.641
14.59, 0.12, 0.027, 265.76, 1.123, -484.7, 14.75, 0.14, 0.032, 250.0, 1.217, 0.0, 258.50, 1.243, 0.378, 0.650
14.85, 0.12, 0.028, 249.69, 1.152, -144.6, 15.00, 0.15, 0.034, 250.0, 1.240, 0.0, 258.44, 1.263, 0.522, 0.651
15.11, 0.13, 0.029, 260.82, 1.190, -273.9, 15.25, 0.16, 0.035, 250.0, 1.263, 0.0, 258.40, 1.289, 0.422, 0.648
15.37, 0.14, 0.030, 259.58, 1.221, -113.4, 15.50, 0.17, 0.036, 250.0, 1.286, 0.0, 258.32, 1.313, 0.432, 0.647
15.63, 0.15, 0.032, 262.05, 1.243, -36.8, 15.75, 0.18, 0.038, 250.0, 1.308, -0.0, 258.22, 1.337, 0.409, 0.654
15.88, 0.16, 0.033, 248.46, 1.248, -290.7, 16.00, 0.19, 0.039, 250.0, 1.331, 0.0, 258.18, 1.357, 0.531, 0.673
16.14, 0.16, 0.034, 255.87, 1.225, 8.7, 16.25, 0.20, 0.040, 250.0, 1.354, 0.0, 258.17, 1.383, 0.465, 0.725
16.39, 0.17, 0.035, 252.17, 1.199, -192.5, 16.50, 0.21, 0.042, 250.0, 1.377, 0.0, 258.14, 1.406, 0.498, 0.789
16.64, 0.18, 0.037, 257.11, 1.216, -702.6, 16.75, 0.22, 0.043, 250.0, 1.400, -0.0, 258.11, 1.432, 0.453, 0.827
16.90, 0.19, 0.038, 258.35, 1.264, -635.5, 17.00, 0.23, 0.044, 250.0, 1.423, 0.0, 258.04, 1.457, 0.442, 0.836
17.16, 0.20, 0.039, 262.05, 1.322, -774.5, 17.25, 0.24, 0.046, 250.0, 1.446, 0.0, 257.95, 1.483, 0.407, 0.827
17.42, 0.21, 0.040, 259.58, 1.387, -913.4, 17.50, 0.25, 0.047, 250.0, 1.469, 0.0, 257.85, 1.507, 0.428, 0.802
17.68, 0.22, 0.042, 259.58, 1.447, -197.3, 17.75, 0.27, 0.049, 250.0, 1.492, 0.0, 257.76, 1.531, 0.427, 0.773
17.94, 0.24, 0.043, 252.17, 1.501, 212.3, 18.00, 0.28, 0.050, 250.0, 1.515, 0.0, 257.71, 1.552, 0.493, 0.741
18.19, 0.25, 0.045, 254.64, 1.565, 238.6, 18.25, 0.29, 0.052, 250.0, 1.537, 0.0, 257.68, 1.576, 0.471, 0.699
18.44, 0.26, 0.046, 248.46, 1.350, 636.2, 18.50, 0.30, 0.053, 250.0, 1.560, 0.0, 257.67, 1.598, 0.527, 0.885
18.69, 0.27, 0.048, 252.17, 1.655, 1045.8, 18.74, 0.32, 0.055, 250.0, 1.583, 0.0, 257.67, 1.622, 0.494, 0.702
18.94, 0.28, 0.050, 252.17, 1.679, 365.6, 18.99, 0.33, 0.056, 250.0, 1.606, -0.0, 257.65, 1.644, 0.495, 0.670
19.20, 0.30, 0.051, 255.87, 1.678, -798.4, 19.24, 0.35, 0.058, 250.0, 1.629, 0.0, 257.62, 1.668, 0.461, 0.670
19.45, 0.31, 0.053, 257.11, 1.677, -170.9, 19.49, 0.36, 0.060, 250.0, 1.652, -0.0, 257.56, 1.691, 0.450, 0.684
19.71, 0.32, 0.055, 259.58, 1.671, 605.1, 19.74, 0.38, 0.061, 250.0, 1.675, 0.0, 257.48, 1.715, 0.427, 0.711
19.96, 0.34, 0.056, 248.46, 1.659, 835.0, 19.99, 0.39, 0.063, 250.0, 1.698, 0.0, 257.44, 1.735, 0.527, 0.746
20.22, 0.35, 0.058, 254.64, 1.630, 1237.4, 20.24, 0.41, 0.065, 250.0, 1.721, 0.0, 257.43, 1.760, 0.471, 0.807
20.47, 0.37, 0.059, 254.64, 1.583, 703.3, 20.49, 0.42, 0.067, 250.0, 1.744, -0.0, 257.39, 1.785, 0.471, 0.891
20.73, 0.38, 0.061, 259.58, 1.552, -154.1, 20.74, 0.44, 0.068, 250.0, 1.766, 0.0, 257.32, 1.811, 0.426, 0.977
20.99, 0.40, 0.063, 259.58, 1.551, -39.2, 20.99, 0.46, 0.070, 250.0, 1.789, 0.0, 257.22, 1.837, 0.425, 1.043
21.25, 0.42, 0.064, 262.05, 1.576, 269.8, 21.24, 0.48, 0.072, 250.0, 1.812, 0.0, 257.12, 1.864, 0.401, 1.085
21.51, 0.43, 0.066, 269.47, 1.644, -659.5, 21.49, 0.49, 0.074, 250.0, 1.835, 0.0, 256.96, 1.892, 0.332, 1.087
21.78, 0.45, 0.067, 274.41, 1.739, -1593.6, 21.74, 0.51, 0.076, 250.0, 1.858, 0.0, 256.74, 1.920, 0.284, 1.052
22.05, 0.47, 0.069, 264.53, 1.886, -934.9, 21.99, 0.53, 0.077, 250.0, 1.881, 0.0, 256.54, 1.942, 0.369, 0.951
22.32, 0.49, 0.071, 267.00, 2.102, -139.8, 22.24, 0.55, 0.079, 250.0, 1.904, 0.0, 256.37, 1.967, 0.345, 0.769
22.58, 0.51, 0.073, 259.58, 2.340, 166.8, 22.49, 0.57, 0.081, 250.0, 1.927, 0.0, 256.23, 1.985, 0.409, 0.525
22.83, 0.53, 0.076, 247.22, 2.517, 782.3, 22.74, 0.59, 0.083, 250.0, 1.950, 0.0, 256.19, 2.000, 0.520, 0.296
23.08, 0.55, 0.078, 248.46, 2.526, 1062.5, 22.98, 0.61, 0.085, 250.0, 1.973, 0.0, 256.20, 2.018, 0.510, 0.194
23.33, 0.57, 0.081, 259.58, 2.380, 904.5, 23.23, 0.63, 0.087, 250.0, 1.995, 0.0, 256.15, 2.039, 0.410, 0.254
23.59, 0.59, 0.083, 254.64, 2.140, 27.9, 23.48, 0.66, 0.089, 250.0, 2.018, 0.0, 256.07, 2.059, 0.453, 0.449
23.85, 0.61, 0.085, 264.53, 1.922, -178.1, 23.73, 0.68, 0.091, 250.0, 2.041, 0.0, 255.97, 2.085, 0.363, 0.692
24.11, 0.63, 0.087, 262.05, 1.766, 221.9, 23.98, 0.70, 0.093, 250.0, 2.064, -0.0, 255.82, 2.111, 0.383, 0.925
24.37, 0.66, 0.089, 264.53, 1.650, -58.3, 24.23, 0.72, 0.095, 250.0, 2.087, 0.0, 255.68, 2.140, 0.358, 1.146
24.63, 0.68, 0.090, 259.58, 1.549, -515.8, 24.48, 0.75, 0.097, 250.0, 2.110, -0.0, 255.54, 2.168, 0.401, 1.361
24.89, 0.70, 0.092, 257.11, 1.517, -774.5, 24.73, 0.77, 0.099, 250.0, 2.133, -0.0, 255.44, 2.197, 0.422, 1.524
25.15, 0.73, 0.093, 265.76, 1.574, 51.8, 24.98, 0.80, 0.102, 250.0, 2.156, 0.0, 255.31, 2.230, 0.342, 1.608
25.41, 0.75, 0.095, 267.00, 1.706, -417.6, 25.22, 0.82, 0.104, 250.0, 2.179, -0.0, 255.13, 2.261, 0.328, 1.602
25.68, 0.78, 0.097, 262.05, 1.875, -1847.4, 25.47, 0.85, 0.106, 250.0, 2.202, 0.0, 254.97, 2.289, 0.370, 1.528
25.94, 0.81, 0.099, 257.11, 2.064, -1758.8, 25.72, 0.88, 0.108, 250.0, 2.224, 0.0, 254.85, 2.314, 0.413, 1.401
26.19, 0.83, 0.101, 259.58, 2.256, -1938.4, 25.97, 0.90, 0.110, 250.0, 2.247, 0.0, 254.75, 2.340, 0.389, 1.241
26.45, 0.86, 0.103, 257.11, 2.445, -1040.3, 26.22, 0.93, 0.113, 250.0, 2.270, 0.0, 254.64, 2.362, 0.410, 1.057
26.70, 0.88, 0.106, 244.75, 2.599, -170.9, 26.47, 0.96, 0.115, 250.0, 2.293, 0.0, 254.61, 2.379, 0.521, 0.878
26.95, 0.91, 0.108, 249.69, 2.669, -803.2, 26.72, 0.99, 0.117, 250.0, 2.316, 0.0, 254.62, 2.401, 0.477, 0.761
27.19, 0.94, 0.111, 250.93, 2.641, -321.8, 26.96, 1.02, 0.120, 250.0, 2.339, -0.0, 254.59, 2.422, 0.466, 0.738
27.44, 0.97, 0.114, 249.69, 2.542, 779.9, 27.21, 1.05, 0.122, 250.0, 2.362, 0.0, 254.57, 2.443, 0.478, 0.803
27.69, 1.00, 0.116, 241.04, 2.434, 1361.9, 27.46, 1.08, 0.124, 250.0, 2.385, -0.0, 254.59, 2.462, 0.557, 0.911
27.93, 1.03, 0.119, 249.69, 2.331, 1215.8, 27.71, 1.11, 0.127, 250.0, 2.408, -0.0, 254.62, 2.488, 0.480, 1.048
28.18, 1.06, 0.121, 250.93, 2.258, 1134.4, 27.96, 1.14, 0.129, 250.0, 2.431, -0.0, 254.59, 2.513, 0.469, 1.181
28.42, 1.09, 0.123, 244.75, 2.207, 1469.7, 28.20, 1.18, 0.132, 250.0, 2.453, -0.0, 254.59, 2.537, 0.525, 1.303
28.67, 1.12, 0.125, 239.80, 2.175, 1153.5, 28.45, 1.21, 0.134, 250.0, 2.476, 0.0, 254.65, 2.561, 0.571, 1.412
28.91, 1.15, 0.127, 247.22, 2.188, 557.2, 28.70, 1.24, 0.137, 250.0, 2.499, 0.0, 254.70, 2.589, 0.506, 1.488
29.15, 1.18, 0.130, 252.17, 2.261, 1124.8, 28.95, 1.28, 0.139, 250.0, 2.522, -0.0, 254.68, 2.617, 0.462, 1.504
29.40, 1.21, 0.132, 253.40, 2.415, 435.0, 29.19, 1.31, 0.142, 250.0, 2.545, 0.0, 254.63, 2.644, 0.450, 1.433
29.66, 1.25, 0.135, 265.76, 2.614, -863.1, 29.44, 1.35, 0.144, 250.0, 2.568, 0.0, 254.52, 2.673, 0.337, 1.292
29.92, 1.28, 0.137, 258.35, 2.849, -714.6, 29.69, 1.38, 0.147, 250.0, 2.591, 0.0, 254.38, 2.694, 0.402, 1.079
30.18, 1.32, 0.140, 254.64, 3.049, -551.7, 29.94, 1.42, 0.149, 250.0, 2.614, 0.0, 254.29, 2.714, 0.434, 0.857
30.43, 1.36, 0.143, 263.29, 3.199, 27.9, 30.18, 1.46, 0.152, 250.0, 2.637, 0.0, 254.18, 2.736, 0.355, 0.658
30.69, 1.39, 0.147, 254.64, 3.257, 576.3, 30.43, 1.50, 0.155, 250.0, 2.659, 0.0, 254.06, 2.752, 0.431, 0.525
30.94, 1.43, 0.150, 250.93, 3.188, 332.0, 30.68, 1.53, 0.157, 250.0, 2.682, 0.0, 254.01, 2.770, 0.464, 0.512
31.18, 1.47, 0.153, 248.46, 2.997, -489.5, 30.92, 1.57, 0.160, 250.0, 2.705, 0.0, 253.99, 2.789, 0.486, 0.642
31.44, 1.51, 0.156, 260.82, 2.751, -1339.7, 31.17, 1.61, 0.163, 250.0, 2.728, 0.0, 253.92, 2.815, 0.374, 0.880
31.69, 1.55, 0.158, 255.87, 2.539, -666.7, 31.42, 1.66, 0.165, 250.0, 2.751, 0.0, 253.81, 2.839, 0.417, 1.144
31.94, 1.59, 0.161, 252.17, 2.388, -218.8, 31.66, 1.70, 0.168, 250.0, 2.774, 0.0, 253.75, 2.865, 0.450, 1.393
32.19, 1.63, 0.163, 254.64, 2.306, -278.7, 31.91, 1.74, 0.171, 250.0, 2.797, 0.0, 253.69, 2.894, 0.427, 1.601
32.44, 1.67, 0.166, 239.80, 2.290, 61.4, 32.16, 1.78, 0.174, 250.0, 2.820, -0.0, 253.69, 2.918, 0.561, 1.746
32.68, 1.71, 0.168, 252.17, 2.329, -355.3, 32.40, 1.83, 0.177, 250.0, 2.843, -0.0, 253.70, 2.951, 0.451, 1.837
32.92, 1.76, 0.170, 243.51, 2.452, -154.1, 32.65, 1.87, 0.179, 250.0, 2.866, 0.0, 253.70, 2.976, 0.529, 1.833
33.17, 1.80, 0.173, 250.93, 2.647, -1119.3, 32.90, 1.91, 0.182, 250.0, 2.888, 0.0, 253.70, 3.005, 0.463, 1.737
33.42, 1.84, 0.176, 265.76, 2.888, -2860.5, 33.14, 1.96, 0.185, 250.0, 2.911, -0.0, 253.60, 3.037, 0.328, 1.564
33.68, 1.89, 0.179, 257.11, 3.137, -2455.8, 33.39, 2.01, 0.188, 250.0, 2.934, -0.0, 253.46, 3.058, 0.404, 1.335
33.94, 1.94, 0.182, 268.23, 3.347, -1239.1, 33.63, 2.05, 0.191, 250.0, 2.957, 0.0, 253.30, 3.085, 0.301, 1.108
34.19, 1.99, 0.185, 253.40, 3.490, 260.2, 33.88, 2.10, 0.194, 250.0, 2.980, 0.0, 253.17, 3.100, 0.432, 0.909
34.44, 2.03, 0.189, 243.51, 3.533, 1632.5, 34.12, 2.15, 0.197, 250.0, 3.003, 0.0, 253.15, 3.116, 0.522, 0.790
34.68, 2.08, 0.192, 245.98, 3.446, 1493.6, 34.37, 2.20, 0.200, 250.0, 3.026, 0.0, 253.18, 3.135, 0.500, 0.802
34.92, 2.13, 0.196, 245.98, 3.290, 882.9, 34.61, 2.25, 0.203, 250.0, 3.049, 0.0, 253.19, 3.155, 0.501, 0.916
35.17, 2.18, 0.199, 258.35, 3.123, 63.8, 34.86, 2.30, 0.206, 250.0, 3.072, 0.0, 253.14, 3.182, 0.390, 1.091
35.41, 2.23, 0.202, 248.46, 3.020, -113.4, 35.10, 2.35, 0.209, 250.0, 3.095, 0.0, 253.08, 3.203, 0.478, 1.247
35.66, 2.28, 0.205, 258.35, 2.979, 188.3, 35.35, 2.40, 0.212, 250.0, 3.117, 0.0, 253.02, 3.231, 0.388, 1.368
35.92, 2.33, 0.208, 262.05, 2.985, -238.0, 35.59, 2.46, 0.215, 250.0, 3.140, -0.0, 252.89, 3.259, 0.353, 1.448
36.17, 2.39, 0.211, 253.40, 3.045, -226.0, 35.84, 2.51, 0.219, 250.0, 3.163, 0.0, 252.78, 3.283, 0.429, 1.468
36.42, 2.44, 0.214, 267.00, 3.127, -544.5, 36.08, 2.57, 0.222, 250.0, 3.186, -0.0, 252.65, 3.314, 0.305, 1.455
36.68, 2.50, 0.217, 265.76, 3.270, -352.9, 36.32, 2.62, 0.225, 250.0, 3.209, -0.0, 252.45, 3.340, 0.312, 1.371
36.94, 2.56, 0.220, 255.87, 3.436, 243.4, 36.57, 2.68, 0.228, 250.0, 3.232, 0.0, 252.31, 3.361, 0.399, 1.235
37.19, 2.61, 0.224, 254.64, 3.575, -403.2, 36.81, 2.73, 0.231, 250.0, 3.255, 0.0, 252.22, 3.383, 0.409, 1.094
37.43, 2.67, 0.228, 252.17, 3.646, -657.1, 37.05, 2.79, 0.235, 250.0, 3.278, 0.0, 252.16, 3.403, 0.431, 0.995
37.68, 2.73, 0.231, 254.64, 3.660, 56.6, 37.30, 2.85, 0.238, 250.0, 3.301, 0.0, 252.09, 3.425, 0.408, 0.949
37.92, 2.79, 0.235, 245.98, 3.603, 224.3, 37.54, 2.91, 0.241, 250.0, 3.324, 0.0, 252.05, 3.443, 0.485, 0.974
38.16, 2.84, 0.238, 249.69, 3.499, -455.9, 37.78, 2.97, 0.245, 250.0, 3.346, 0.0, 252.04, 3.466, 0.452, 1.068
38.41, 2.90, 0.242, 252.17, 3.384, -721.8, 38.02, 3.03, 0.248, 250.0, 3.369, -0.0, 252.00, 3.490, 0.429, 1.203
38.65, 2.97, 0.245, 245.98, 3.289, -441.6, 38.27, 3.09, 0.251, 250.0, 3.392, 0.0, 251.97, 3.513, 0.485, 1.347
38.89, 3.03, 0.248, 260.82, 3.249, 300.9, 38.51, 3.16, 0.255, 250.0, 3.415, -0.0, 251.90, 3.542, 0.351, 1.465
39.14, 3.09, 0.252, 250.93, 3.286, 511.7, 38.75, 3.22, 0.258, 250.0, 3.438, 0.0, 251.81, 3.567, 0.438, 1.515
39.38, 3.15, 0.255, 244.75, 3.365, -240.4, 38.99, 3.28, 0.262, 250.0, 3.461, -0.0, 251.80, 3.590, 0.494, 1.510
39.62, 3.22, 0.259, 247.22, 3.461, -420.0, 39.23, 3.35, 0.265, 250.0, 3.484, 0.0, 251.80, 3.615, 0.473, 1.472
39.86, 3.28, 0.262, 255.87, 3.567, -726.6, 39.47, 3.41, 0.269, 250.0, 3.507, 0.0, 251.75, 3.641, 0.394, 1.408
40.11, 3.35, 0.266, 253.40, 3.689, -788.8, 39.72, 3.48, 0.272, 250.0, 3.530, 0.0, 251.67, 3.665, 0.415, 1.312
40.35, 3.42, 0.269, 253.40, 3.786, -135.0, 39.96, 3.55, 0.276, 250.0, 3.553, 0.0, 251.60, 3.687, 0.414, 1.221
40.59, 3.48, 0.273, 244.75, 3.819, 30.3, 40.20, 3.62, 0.279, 250.0, 3.575, -0.0, 251.58, 3.707, 0.492, 1.173
40.83, 3.55, 0.277, 245.98, 3.798, 418.3, 40.44, 3.69, 0.283, 250.0, 3.598, 0.0, 251.59, 3.728, 0.482, 1.180
41.06, 3.62, 0.281, 242.28, 3.741, 415.9, 40.68, 3.76, 0.286, 250.0, 3.621, 0.0, 251.62, 3.749, 0.516, 1.235
41.30, 3.69, 0.284, 248.46, 3.676, 286.5, 40.92, 3.83, 0.290, 250.0, 3.644, -0.0, 251.63, 3.773, 0.461, 1.320
41.54, 3.76, 0.288, 250.93, 3.616, 439.8, 41.16, 3.90, 0.294, 250.0, 3.667, -0.0, 251.60, 3.798, 0.439, 1.420
41.78, 3.83, 0.292, 245.98, 3.561, -180.5, 41.39, 3.97, 0.297, 250.0, 3.690, 0.0, 251.58, 3.822, 0.483, 1.527
42.01, 3.90, 0.295, 247.22, 3.526, 286.5, 41.63, 4.05, 0.301, 250.0, 3.713, 0.0, 251.59, 3.847, 0.473, 1.628
42.25, 3.97, 0.299, 247.22, 3.524, 736.8, 41.87, 4.12, 0.305, 250.0, 3.736, 0.0, 251.58, 3.873, 0.473, 1.705
42.48, 4.05, 0.302, 241.04, 3.558, 463.8, 42.11, 4.20, 0.309, 250.0, 3.759, 0.0, 251.61, 3.896, 0.530, 1.747
42.72, 4.12, 0.306, 250.93, 3.608, -132.6, 42.35, 4.27, 0.312, 250.0, 3.782, -0.0, 251.62, 3.924, 0.441, 1.767
42.95, 4.20, 0.310, 247.22, 3.670, -1224.7, 42.59, 4.35, 0.316, 250.0, 3.804, 0.0, 251.60, 3.949, 0.475, 1.765
43.19, 4.27, 0.313, 250.93, 3.748, -1385.2, 42.82, 4.43, 0.320, 250.0, 3.827, 0.0, 251.58, 3.975, 0.441, 1.741
43.43, 4.35, 0.317, 250.93, 3.846, -922.9, 43.06, 4.51, 0.324, 250.0, 3.850, 0.0, 251.54, 4.000, 0.441, 1.688
43.67, 4.43, 0.321, 247.22, 3.964, -190.1, 43.30, 4.59, 0.328, 250.0, 3.873, 0.0, 251.52, 4.022, 0.474, 1.603
43.90, 4.51, 0.325, 255.87, 4.048, -420.0, 43.53, 4.67, 0.332, 250.0, 3.896, 0.0, 251.47, 4.048, 0.396, 1.532
44.14, 4.59, 0.329, 250.93, 4.084, -8.1, 43.77, 4.75, 0.335, 250.0, 3.919, -0.0, 251.41, 4.069, 0.440, 1.495
44.38, 4.67, 0.333, 243.51, 4.089, 449.4, 44.01, 4.83, 0.339, 250.0, 3.942, -0.0, 251.41, 4.090, 0.507, 1.489
44.61, 4.76, 0.337, 255.87, 4.100, -367.3, 44.24, 4.92, 0.343, 250.0, 3.965, 0.0, 251.38, 4.116, 0.395, 1.493
44.85, 4.84, 0.341, 250.93, 4.113, -484.7, 44.48, 5.00, 0.347, 250.0, 3.988, 0.0, 251.32, 4.138, 0.439, 1.500
45.09, 4.93, 0.345, 249.69, 4.124, -518.2, 44.71, 5.09, 0.351, 250.0, 4.010, 0.0, 251.28, 4.160, 0.450, 1.513
45.32, 5.01, 0.350, 249.69, 4.112, -640.3, 44.95, 5.17, 0.355, 250.0, 4.033, 0.0, 251.26, 4.184, 0.450, 1.547
45.56, 5.10, 0.354, 249.69, 4.093, 111.7, 45.18, 5.26, 0.359, 250.0, 4.056, 0.0, 251.23, 4.207, 0.450, 1.596
45.79, 5.19, 0.358, 254.64, 4.089, 396.7, 45.41, 5.35, 0.363, 250.0, 4.079, 0.0, 251.18, 4.232, 0.405, 1.641
46.03, 5.28, 0.362, 254.64, 4.089, -178.1, 45.65, 5.44, 0.368, 250.0, 4.102, -0.0, 251.10, 4.257, 0.403, 1.686
46.26, 5.37, 0.366, 245.98, 4.100, -209.2, 45.88, 5.53, 0.372, 250.0, 4.125, 0.0, 251.07, 4.280, 0.481, 1.720
46.50, 5.46, 0.370, 255.87, 4.124, 71.0, 46.11, 5.62, 0.376, 250.0, 4.148, 0.0, 251.03, 4.307, 0.392, 1.747
46.74, 5.55, 0.374, 253.40, 4.180, -118.2, 46.35, 5.71, 0.380, 250.0, 4.171, 0.0, 250.96, 4.331, 0.413, 1.741
46.97, 5.64, 0.378, 244.75, 4.251, -381.7, 46.58, 5.81, 0.384, 250.0, 4.194, 0.0, 250.94, 4.353, 0.491, 1.711
47.20, 5.73, 0.383, 254.64, 4.320, -135.0, 46.81, 5.90, 0.388, 250.0, 4.217, 0.0, 250.91, 4.378, 0.401, 1.673
47.43, 5.83, 0.387, 252.17, 4.374, 92.5, 47.04, 5.99, 0.393, 250.0, 4.239, 0.0, 250.84, 4.401, 0.423, 1.640
47.66, 5.92, 0.391, 243.51, 4.429, -151.8, 47.27, 6.09, 0.397, 250.0, 4.262, 0.0, 250.84, 4.422, 0.501, 1.600
47.89, 6.02, 0.396, 252.17, 4.467, 629.0, 47.50, 6.19, 0.401, 250.0, 4.285, 0.0, 250.83, 4.446, 0.423, 1.575
48.12, 6.12, 0.400, 248.46, 4.502, 629.0, 47.73, 6.29, 0.405, 250.0, 4.308, 0.0, 250.80, 4.467, 0.456, 1.552
48.35, 6.21, 0.405, 239.80, 4.518, 245.8, 47.96, 6.39, 0.410, 250.0, 4.331, 0.0, 250.83, 4.487, 0.535, 1.544
48.57, 6.31, 0.409, 244.75, 4.516, 545.2, 48.19, 6.49, 0.414, 250.0, 4.354, 0.0, 250.88, 4.509, 0.492, 1.557
48.79, 6.41, 0.414, 245.98, 4.530, 700.9, 48.42, 6.59, 0.418, 250.0, 4.377, 0.0, 250.90, 4.531, 0.481, 1.564
49.01, 6.51, 0.418, 239.80, 4.551, 475.7, 48.65, 6.69, 0.423, 250.0, 4.400, -0.0, 250.94, 4.551, 0.538, 1.565
49.23, 6.61, 0.423, 242.28, 4.572, 526.0, 48.88, 6.79, 0.427, 250.0, 4.423, 0.0, 251.00, 4.572, 0.517, 1.566
49.45, 6.71, 0.428, 239.80, 4.596, 538.0, 49.10, 6.90, 0.432, 250.0, 4.446, 0.0, 251.07, 4.592, 0.541, 1.565
49.67, 6.81, 0.432, 234.86, 4.648, -348.1, 49.33, 7.00, 0.436, 250.0, 4.468, 0.0, 251.17, 4.611, 0.588, 1.536
49.88, 6.91, 0.437, 241.04, 4.711, -530.2, 49.56, 7.11, 0.441, 250.0, 4.491, 0.0, 251.27, 4.632, 0.535, 1.492
50.10, 7.01, 0.442, 242.28, 4.768, -427.2, 49.78, 7.21, 0.445, 250.0, 4.514, 0.0, 251.33, 4.652, 0.525, 1.444
50.32, 7.11, 0.446, 238.57, 4.809, -934.9, 50.01, 7.32, 0.450, 250.0, 4.537, -0.0, 251.41, 4.671, 0.560, 1.404
50.54, 7.22, 0.451, 244.75, 4.852, -1284.6, 50.23, 7.43, 0.454, 250.0, 4.560, -0.0, 251.48, 4.691, 0.506, 1.362
50.75, 7.33, 0.456, 239.80, 4.891, -628.4, 50.46, 7.54, 0.459, 250.0, 4.583, 0.0, 251.54, 4.709, 0.552, 1.321
50.97, 7.43, 0.461, 237.33, 4.924, -209.2, 50.68, 7.65, 0.463, 250.0, 4.606, -0.0, 251.63, 4.727, 0.577, 1.284
51.18, 7.54, 0.466, 242.28, 4.942, -822.4, 50.90, 7.76, 0.468, 250.0, 4.629, 0.0, 251.72, 4.746, 0.534, 1.260
51.40, 7.65, 0.471, 248.46, 4.940, -1006.8, 51.13, 7.88, 0.473, 250.0, 4.652, -0.0, 251.75, 4.766, 0.479, 1.256
51.62, 7.76, 0.476, 248.46, 4.940, -400.8, 51.35, 7.99, 0.477, 250.0, 4.675, 0.0, 251.75, 4.786, 0.480, 1.259
51.84, 7.88, 0.481, 250.93, 4.935, -238.0, 51.57, 8.11, 0.482, 250.0, 4.697, 0.0, 251.74, 4.807, 0.458, 1.271
52.06, 8.00, 0.486, 245.98, 4.925, -618.8, 51.79, 8.22, 0.487, 250.0, 4.720, 0.0, 251.74, 4.827, 0.502, 1.293
52.28, 8.11, 0.491, 242.28, 4.904, -362.5, 52.01, 8.34, 0.491, 250.0, 4.743, 0.0, 251.79, 4.847, 0.537, 1.328
52.49, 8.23, 0.496, 248.46, 4.901, 193.1, 52.23, 8.46, 0.496, 250.0, 4.766, 0.0, 251.82, 4.868, 0.482, 1.355
52.71, 8.35, 0.500, 249.69, 4.891, 274.6, 52.45, 8.58, 0.501, 250.0, 4.789, -0.0, 251.82, 4.890, 0.471, 1.389
52.93, 8.47, 0.505, 242.28, 4.863, 581.1, 52.67, 8.70, 0.506, 250.0, 4.812, 0.0, 251.85, 4.911, 0.539, 1.442
53.14, 8.59, 0.510, 245.98, 4.820, 207.5, 52.89, 8.82, 0.511, 250.0, 4.835, 0.0, 251.90, 4.933, 0.507, 1.516
53.36, 8.71, 0.515, 254.64, 4.781, -125.4, 53.11, 8.94, 0.515, 250.0, 4.858, 0.0, 251.89, 4.956, 0.429, 1.597
53.58, 8.83, 0.520, 247.22, 4.770, 691.3, 53.33, 9.07, 0.520, 250.0, 4.881, 0.0, 251.87, 4.980, 0.496, 1.663
53.79, 8.96, 0.525, 249.69, 4.781, 1014.6, 53.54, 9.19, 0.525, 250.0, 4.904, 0.0, 251.87, 5.004, 0.474, 1.711
54.01, 9.08, 0.529, 248.46, 4.814, 99.7, 53.76, 9.32, 0.530, 250.0, 4.926, 0.0, 251.87, 5.028, 0.485, 1.735
54.22, 9.21, 0.534, 247.22, 4.853, -285.9, 53.97, 9.45, 0.535, 250.0, 4.949, 0.0, 251.88, 5.052, 0.497, 1.746
54.43, 9.34, 0.539, 250.93, 4.919, 626.6, 54.19, 9.57, 0.540, 250.0, 4.972, 0.0, 251.88, 5.075, 0.463, 1.729
54.65, 9.47, 0.544, 255.87, 4.991, 595.5, 54.40, 9.70, 0.545, 250.0, 4.995, 0.0, 251.84, 5.099, 0.418, 1.696
54.86, 9.60, 0.549, 243.51, 5.061, 104.5, 54.62, 9.83, 0.550, 250.0, 5.018, 0.0, 251.83, 5.122, 0.530, 1.653
55.07, 9.73, 0.554, 236.10, 5.114, 411.1, 54.83, 9.96, 0.555, 250.0, 5.041, 0.0, 251.93, 5.142, 0.599, 1.617
55.27, 9.85, 0.559, 237.33, 5.161, 1184.7, 55.04, 10.10, 0.560, 250.0, 5.064, -0.0, 252.05, 5.161, 0.590, 1.581
55.47, 9.98, 0.564, 239.80, 5.180, 1359.5, 55.25, 10.23, 0.565, 250.0, 5.087, 0.0, 252.16, 5.180, 0.570, 1.569
55.67, 10.11, 0.570, 237.33, 5.163, 741.6, 55.46, 10.36, 0.570, 250.0, 5.110, 0.0, 252.27, 5.200, 0.595, 1.592
55.87, 10.24, 0.575, 242.28, 5.121, 418.3, 55.67, 10.50, 0.575, 250.0, 5.133, 0.0, 252.37, 5.221, 0.553, 1.649
56.07, 10.37, 0.580, 241.04, 5.106, 296.1, 55.88, 10.64, 0.580, 250.0, 5.155, 0.0, 252.45, 5.242, 0.566, 1.699
56.28, 10.50, 0.585, 241.04, 5.114, 102.1, 56.09, 10.77, 0.586, 250.0, 5.178, 0.0, 252.54, 5.263, 0.568, 1.734
56.47, 10.64, 0.590, 238.57, 5.133, -135.0, 56.30, 10.91, 0.591, 250.0, 5.201, 0.0, 252.64, 5.284, 0.592, 1.758
56.67, 10.77, 0.595, 243.51, 5.159, -558.9, 56.51, 11.05, 0.596, 250.0, 5.224, 0.0, 252.73, 5.305, 0.549, 1.773
56.87, 10.91, 0.600, 236.10, 5.205, -602.0, 56.71, 11.19, 0.601, 250.0, 5.246, 0.0, 252.84, 5.325, 0.619, 1.766
57.07, 11.04, 0.606, 233.62, 5.249, -563.7, 56.92, 11.34, 0.607, 250.0, 5.267, -0.0, 252.99, 5.342, 0.644, 1.752
57.26, 11.18, 0.611, 244.75, 5.305, -681.1, 57.12, 11.48, 0.612, 250.0, 5.285, 0.0, 253.11, 5.358, 0.546, 1.720
57.46, 11.32, 0.616, 242.28, 5.365, -855.9, 57.33, 11.62, 0.617, 250.0, 5.302, 0.0, 253.18, 5.372, 0.570, 1.676
57.65, 11.46, 0.622, 234.86, 5.440, -738.5, 57.53, 11.77, 0.622, 250.0, 5.317, 0.0, 253.30, 5.382, 0.640, 1.609
57.85, 11.60, 0.627, 242.28, 5.528, 238.6, 57.73, 11.91, 0.628, 250.0, 5.329, 0.0, 253.42, 5.391, 0.575, 1.518
58.04, 11.74, 0.633, 245.98, 5.622, 135.6, 57.94, 12.06, 0.633, 250.0, 5.340, 0.0, 253.49, 5.397, 0.544, 1.409
58.24, 11.89, 0.638, 244.75, 5.695, -281.1, 58.14, 12.21, 0.638, 250.0, 5.349, 0.0, 253.55, 5.401, 0.556, 1.303
58.44, 12.04, 0.644, 247.22, 5.750, -170.9, 58.34, 12.36, 0.644, 250.0, 5.356, 0.0, 253.60, 5.402, 0.535, 1.205
58.64, 12.19, 0.650, 250.93, 5.795, -681.1, 58.54, 12.51, 0.649, 250.0, 5.360, 0.0, 253.62, 5.402, 0.502, 1.112
58.84, 12.34, 0.656, 252.17, 5.815, -796.0, 58.74, 12.66, 0.655, 250.0, 5.363, 0.0, 253.62, 5.400, 0.491, 1.037
59.03, 12.49, 0.661, 249.69, 5.791, 66.2, 58.93, 12.81, 0.660, 250.0, 5.364, 0.0, 253.62, 5.396, 0.514, 1.002
59.23, 12.65, 0.667, 247.22, 5.735, 779.9, 59.13, 12.97, 0.665, 250.0, 5.364, -0.0, 253.65, 5.391, 0.537, 1.004
59.42, 12.80, 0.673, 253.40, 5.651, 775.1, 59.33, 13.12, 0.671, 250.0, 5.364, 0.0, 253.66, 5.386, 0.482, 1.045
59.62, 12.96, 0.679, 254.64, 5.548, 641.0, 59.52, 13.28, 0.676, 250.0, 5.364, 0.0, 253.63, 5.384, 0.470, 1.122
59.82, 13.12, 0.684, 253.40, 5.441, 193.1, 59.72, 13.44, 0.681, 250.0, 5.364, 0.0, 253.60, 5.382, 0.481, 1.223
60.02, 13.29, 0.689, 264.53, 5.360, 174.0, 59.91, 13.59, 0.687, 250.0, 5.364, -0.0, 253.52, 5.381, 0.380, 1.317
60.22, 13.46, 0.695, 264.53, 5.313, 573.9, 60.10, 13.75, 0.692, 250.0, 5.364, 0.0, 253.39, 5.384, 0.377, 1.393
60.42, 13.63, 0.700, 260.82, 5.307, 485.3, 60.30, 13.91, 0.697, 250.0, 5.364, 0.0, 253.27, 5.387, 0.408, 1.433
60.62, 13.80, 0.705, 262.05, 5.347, 178.8, 60.49, 14.07, 0.703, 250.0, 5.364, 0.0, 253.16, 5.388, 0.395, 1.426
60.82, 13.97, 0.711, 258.35, 5.433, 169.2, 60.68, 14.24, 0.708, 250.0, 5.364, 0.0, 253.07, 5.390, 0.427, 1.363
61.02, 14.14, 0.716, 264.53, 5.562, -46.4, 60.87, 14.40, 0.714, 250.0, 5.364, 0.0, 252.96, 5.389, 0.370, 1.240
61.21, 14.31, 0.722, 264.53, 5.690, -590.0, 61.06, 14.56, 0.719, 250.0, 5.364, 0.0, 252.82, 5.389, 0.367, 1.089
61.41, 14.49, 0.728, 258.35, 5.778, -470.3, 61.24, 14.73, 0.724, 250.0, 5.364, 0.0, 252.71, 5.387, 0.421, 0.951
61.60, 14.66, 0.733, 259.58, 5.802, -800.8, 61.43, 14.89, 0.730, 250.0, 5.364, -0.0, 252.62, 5.384, 0.408, 0.858
61.79, 14.83, 0.739, 253.40, 5.730, -810.4, 61.62, 15.06, 0.735, 250.0, 5.364, 0.0, 252.56, 5.382, 0.463, 0.854
61.98, 15.00, 0.745, 248.46, 5.553, -103.9, 61.80, 15.23, 0.740, 250.0, 5.364, 0.0, 252.55, 5.379, 0.507, 0.966
62.16, 15.17, 0.750, 244.75, 5.298, -336.2, 61.98, 15.40, 0.746, 250.0, 5.364, 0.0, 252.59, 5.378, 0.542, 1.190
62.33, 15.34, 0.755, 242.28, 5.033, -271.5, 62.17, 15.57, 0.751, 250.0, 5.364, 0.0, 252.66, 5.378, 0.565, 1.476
62.51, 15.50, 0.760, 233.62, 4.835, 315.3, 62.35, 15.74, 0.756, 250.0, 5.364, 0.0, 252.78, 5.380, 0.646, 1.750
62.67, 15.66, 0.765, 232.39, 4.717, 447.0, 62.53, 15.91, 0.762, 250.0, 5.364, 0.0, 252.96, 5.381, 0.661, 1.975
62.85, 15.83, 0.770, 243.51, 4.685, 863.7, 62.71, 16.09, 0.767, 250.0, 5.364, 0.0, 253.09, 5.382, 0.563, 2.125
63.02, 16.00, 0.775, 236.10, 4.712, 789.5, 62.89, 16.26, 0.773, 250.0, 5.364, 0.0, 253.20, 5.387, 0.632, 2.210
63.19, 16.16, 0.779, 238.57, 4.796, 1230.2, 63.07, 16.43, 0.778, 250.0, 5.364, 0.0, 253.33, 5.389, 0.613, 2.221
63.36, 16.33, 0.784, 242.28, 4.912, 1690.0, 63.25, 16.61, 0.783, 250.0, 5.364, -0.0, 253.44, 5.390, 0.582, 2.177
63.53, 16.51, 0.789, 253.40, 5.097, -144.6, 63.42, 16.79, 0.789, 250.0, 5.364, -0.0, 253.48, 5.392, 0.483, 2.045
63.71, 16.69, 0.794, 263.29, 5.327, -1974.4, 63.60, 16.96, 0.794, 250.0, 5.364, 0.0, 253.40, 5.395, 0.393, 1.838
63.89, 16.88, 0.800, 257.11, 5.564, -863.1, 63.78, 17.14, 0.799, 250.0, 5.364, 0.0, 253.31, 5.395, 0.447, 1.585
64.07, 17.07, 0.805, 264.53, 5.753, -633.2, 63.95, 17.32, 0.805, 250.0, 5.364, 0.0, 253.21, 5.394, 0.378, 1.335
64.25, 17.26, 0.811, 259.58, 5.824, -285.9, 64.12, 17.50, 0.810, 250.0, 5.364, 0.0, 253.10, 5.391, 0.421, 1.168
64.43, 17.44, 0.817, 247.22, 5.742, 1867.2, 64.29, 17.69, 0.815, 250.0, 5.364, 0.0, 253.08, 5.388, 0.532, 1.140
64.60, 17.62, 0.823, 247.22, 5.577, 1833.7, 64.46, 17.87, 0.821, 250.0, 5.364, 0.0, 253.11, 5.383, 0.533, 1.224
64.77, 17.81, 0.828, 262.05, 5.364, 715.2, 64.63, 18.05, 0.826, 250.0, 5.364, 0.0, 253.08, 5.381, 0.398, 1.397
64.94, 18.01, 0.833, 264.53, 5.204, -158.9, 64.80, 18.24, 0.832, 250.0, 5.364, 0.0, 252.95, 5.384, 0.374, 1.577
65.12, 18.20, 0.839, 263.29, 5.106, -714.6, 64.97, 18.42, 0.837, 250.0, 5.364, 0.0, 252.82, 5.388, 0.383, 1.731
65.30, 18.40, 0.844, 259.58, 5.093, -41.6, 65.14, 18.61, 0.842, 250.0, 5.364, 0.0, 252.71, 5.393, 0.414, 1.817
65.47, 18.60, 0.849, 269.47, 5.133, 248.2, 65.30, 18.79, 0.848, 250.0, 5.364, 0.0, 252.57, 5.398, 0.323, 1.844
65.65, 18.80, 0.854, 265.76, 5.234, -451.1, 65.47, 18.98, 0.853, 250.0, 5.364, 0.0, 252.40, 5.403, 0.353, 1.800
65.82, 19.00, 0.859, 257.11, 5.367, -197.3, 65.63, 19.17, 0.858, 250.0, 5.364, 0.0, 252.28, 5.406, 0.429, 1.697
65.98, 19.19, 0.865, 257.11, 5.526, -281.1, 65.80, 19.36, 0.864, 250.0, 5.364, 0.0, 252.21, 5.406, 0.428, 1.541
66.15, 19.39, 0.870, 267.00, 5.676, -1054.7, 65.96, 19.55, 0.869, 250.0, 5.364, 0.0, 252.09, 5.406, 0.336, 1.363
66.32, 19.59, 0.876, 252.17, 5.756, -491.8, 66.12, 19.74, 0.874, 250.0, 5.364, -0.0, 252.00, 5.404, 0.468, 1.222
66.48, 19.79, 0.882, 249.69, 5.747, 825.4, 66.28, 19.93, 0.880, 250.0, 5.364, 0.0, 251.99, 5.401, 0.490, 1.155
66.63, 19.98, 0.887, 245.98, 5.635, 353.6, 66.44, 20.13, 0.885, 250.0, 5.364, 0.0, 252.01, 5.397, 0.524, 1.191
66.79, 20.17, 0.893, 255.87, 5.469, -491.8, 66.60, 20.32, 0.891, 250.0, 5.364, 0.0, 252.00, 5.394, 0.435, 1.310
66.95, 20.38, 0.898, 260.82, 5.282, -946.9, 66.75, 20.52, 0.896, 250.0, 5.364, 0.0, 251.91, 5.394, 0.389, 1.490
67.11, 20.58, 0.904, 255.87, 5.140, -803.2, 66.91, 20.71, 0.901, 250.0, 5.364, -0.0, 251.83, 5.398, 0.432, 1.669
67.27, 20.78, 0.909, 255.87, 5.073, -185.3, 67.06, 20.91, 0.907, 250.0, 5.364, -0.0, 251.77, 5.401, 0.431, 1.802
67.43, 20.98, 0.914, 257.11, 5.067, -554.1, 67.22, 21.11, 0.912, 250.0, 5.364, 0.0, 251.70, 5.405, 0.419, 1.881
67.58, 21.19, 0.919, 259.58, 5.121, -429.6, 67.37, 21.30, 0.917, 250.0, 5.363, 0.0, 251.61, 5.408, 0.395, 1.893
67.74, 21.40, 0.924, 259.58, 5.222, -103.9, 67.52, 21.50, 0.923, 250.0, 5.360, 0.0, 251.51, 5.408, 0.394, 1.841
67.89, 21.60, 0.929, 252.17, 5.359, 97.3, 67.67, 21.70, 0.928, 250.0, 5.354, 0.0, 251.45, 5.405, 0.459, 1.728
68.04, 21.81, 0.935, 260.82, 5.492, -170.9, 67.82, 21.90, 0.933, 250.0, 5.347, -0.0, 251.38, 5.398, 0.380, 1.584
68.20, 22.02, 0.940, 262.05, 5.592, -1210.4, 67.97, 22.10, 0.939, 250.0, 5.338, 0.0, 251.26, 5.389, 0.367, 1.444
68.35, 22.23, 0.946, 254.64, 5.638, -532.6, 68.11, 22.31, 0.944, 250.0, 5.327, 0.0, 251.16, 5.378, 0.432, 1.337
68.50, 22.44, 0.952, 255.87, 5.633, 145.2, 68.26, 22.51, 0.949, 250.0, 5.314, 0.0, 251.10, 5.362, 0.420, 1.271
68.64, 22.64, 0.957, 253.40, 5.574, -53.6, 68.41, 22.71, 0.955, 250.0, 5.299, 0.0, 251.05, 5.345, 0.441, 1.261
68.79, 22.85, 0.963, 248.46, 5.484, -281.1, 68.55, 22.92, 0.960, 250.0, 5.282, 0.0, 251.03, 5.327, 0.486, 1.295
68.93, 23.06, 0.968, 257.11, 5.394, -434.4, 68.69, 23.12, 0.965, 250.0, 5.263, -0.0, 251.00, 5.305, 0.407, 1.348
69.07, 23.27, 0.974, 247.22, 5.323, -451.1, 68.83, 23.33, 0.971, 250.0, 5.242, 0.0, 250.97, 5.285, 0.496, 1.399
69.21, 23.47, 0.979, 248.46, 5.266, 193.1, 68.98, 23.53, 0.976, 250.0, 5.220, 0.0, 250.98, 5.261, 0.485, 1.441
69.35, 23.68, 0.984, 253.40, 5.227, 281.7, 69.11, 23.74, 0.981, 250.0, 5.197, 0.0, 250.96, 5.237, 0.440, 1.469
69.49, 23.89, 0.989, 244.75, 5.203, -87.1, 69.25, 23.95, 0.986, 250.0, 5.174, -0.0, 250.96, 5.215, 0.518, 1.483
69.62, 24.09, 0.994, 232.39, 5.185, -51.2, 69.39, 24.16, 0.991, 250.0, 5.151, 0.0, 251.07, 5.191, 0.632, 1.486
69.75, 24.29, 1.000, 242.28, 5.171, -77.5, 69.53, 24.37, 0.996, 250.0, 5.128, -0.0, 251.19, 5.163, 0.545, 1.479
69.88, 24.50, 1.005, 245.98, 5.142, 296.1, 69.66, 24.58, 1.002, 250.0, 5.105, 0.0, 251.25, 5.138, 0.513, 1.481
70.01, 24.70, 1.010, 239.80, 5.107, -39.2, 69.80, 24.79, 1.007, 250.0, 5.082, 0.0, 251.31, 5.114, 0.570, 1.491
70.13, 24.91, 1.015, 244.75, 5.071, -348.1, 69.93, 25.00, 1.012, 250.0, 5.059, -0.0, 251.39, 5.088, 0.527, 1.502
70.26, 25.12, 1.020, 248.46, 5.019, -242.8, 70.06, 25.21, 1.017, 250.0, 5.036, 0.0, 251.42, 5.064, 0.495, 1.529
70.39, 25.33, 1.025, 242.28, 4.998, -60.7, 70.19, 25.43, 1.022, 250.0, 5.014, -0.0, 251.46, 5.041, 0.551, 1.537
70.52, 25.54, 1.030, 245.98, 4.985, -22.4, 70.32, 25.64, 1.027, 250.0, 4.991, -0.0, 251.52, 5.016, 0.519, 1.535
70.64, 25.75, 1.035, 248.46, 4.975, 284.1, 70.45, 25.85, 1.032, 250.0, 4.968, 0.0, 251.55, 4.992, 0.498, 1.526
70.77, 25.96, 1.040, 253.40, 4.967, 262.6, 70.58, 26.07, 1.037, 250.0, 4.945, 0.0, 251.54, 4.968, 0.453, 1.512
70.90, 26.19, 1.045, 259.58, 4.956, -441.6, 70.71, 26.28, 1.042, 250.0, 4.922, -0.0, 251.47, 4.945, 0.396, 1.497
71.03, 26.42, 1.050, 269.47, 4.946, -554.1, 70.83, 26.50, 1.047, 250.0, 4.899, 0.0, 251.32, 4.923, 0.305, 1.482
71.16, 26.65, 1.055, 260.82, 4.950, 377.5, 70.96, 26.72, 1.051, 250.0, 4.876, -0.0, 251.17, 4.903, 0.380, 1.456
71.29, 26.87, 1.060, 258.35, 4.973, 921.2, 71.08, 26.94, 1.056, 250.0, 4.853, 0.0, 251.07, 4.881, 0.400, 1.407
71.41, 27.10, 1.065, 259.58, 5.008, 23.1, 71.20, 27.15, 1.061, 250.0, 4.830, -0.0, 250.97, 4.858, 0.387, 1.339
71.54, 27.33, 1.070, 264.53, 5.048, -190.1, 71.32, 27.37, 1.066, 250.0, 4.807, -0.0, 250.85, 4.834, 0.340, 1.257
71.66, 27.56, 1.075, 262.05, 5.098, 336.8, 71.44, 27.59, 1.071, 250.0, 4.785, -0.0, 250.71, 4.811, 0.360, 1.157
71.78, 27.79, 1.080, 248.46, 5.123, 195.5, 71.56, 27.81, 1.076, 250.0, 4.762, 0.0, 250.65, 4.787, 0.481, 1.068
71.90, 28.01, 1.085, 253.40, 5.128, -142.2, 71.68, 28.03, 1.080, 250.0, 4.739, -0.0, 250.63, 4.759, 0.437, 0.990
72.02, 28.23, 1.090, 242.28, 5.099, 303.3, 71.80, 28.25, 1.085, 250.0, 4.716, 0.0, 250.64, 4.734, 0.537, 0.943
72.12, 28.44, 1.095, 233.62, 5.045, 1000.3, 71.92, 28.47, 1.090, 250.0, 4.693, 0.0, 250.76, 4.707, 0.617, 0.925
72.23, 28.65, 1.100, 238.57, 4.943, 521.2, 72.03, 28.69, 1.094, 250.0, 4.670, 0.0, 250.89, 4.677, 0.576, 0.955
72.34, 28.86, 1.105, 238.57, 4.825, 272.2, 72.14, 28.92, 1.099, 250.0, 4.647, 0.0, 251.00, 4.649, 0.578, 1.018
72.45, 29.08, 1.110, 239.80, 4.690, -144.6, 72.26, 29.14, 1.104, 250.0, 4.624, 0.0, 251.10, 4.622, 0.569, 1.115
72.55, 29.30, 1.115, 244.75, 4.558, -937.3, 72.37, 29.36, 1.108, 250.0, 4.601, -0.0, 251.18, 4.596, 0.526, 1.228
72.66, 29.51, 1.119, 239.80, 4.446, -556.5, 72.48, 29.59, 1.113, 250.0, 4.578, 0.0, 251.25, 4.573, 0.572, 1.341
72.76, 29.73, 1.124, 238.57, 4.388, -29.6, 72.59, 29.81, 1.118, 250.0, 4.556, 0.0, 251.36, 4.549, 0.586, 1.415
72.87, 29.95, 1.128, 250.93, 4.363, 44.6, 72.70, 30.04, 1.122, 250.0, 4.533, 0.0, 251.41, 4.523, 0.475, 1.455
72.97, 30.18, 1.132, 248.46, 4.354, 23.1, 72.81, 30.26, 1.127, 250.0, 4.510, 0.0, 251.42, 4.502, 0.498, 1.474
73.08, 30.40, 1.137, 243.51, 4.377, 602.7, 72.91, 30.49, 1.131, 250.0, 4.487, 0.0, 251.46, 4.480, 0.543, 1.457
73.18, 30.62, 1.141, 245.98, 4.420, 688.9, 73.02, 30.71, 1.136, 250.0, 4.464, 0.0, 251.51, 4.456, 0.522, 1.406
73.28, 30.85, 1.145, 257.11, 4.470, -345.7, 73.13, 30.94, 1.140, 250.0, 4.441, -0.0, 251.50, 4.430, 0.422, 1.332
73.39, 31.08, 1.150, 250.93, 4.505, -458.3, 73.23, 31.17, 1.144, 250.0, 4.418, 0.0, 251.46, 4.408, 0.477, 1.261
73.49, 31.32, 1.154, 263.29, 4.508, 463.8, 73.33, 31.40, 1.149, 250.0, 4.395, 0.0, 251.39, 4.382, 0.364, 1.207
73.59, 31.56, 1.159, 259.58, 4.478, 861.3, 73.43, 31.63, 1.153, 250.0, 4.372, 0.0, 251.28, 4.360, 0.396, 1.186
73.70, 31.79, 1.163, 252.17, 4.415, 1287.7, 73.53, 31.85, 1.158, 250.0, 4.350, -0.0, 251.22, 4.338, 0.461, 1.202
73.79, 32.02, 1.168, 253.40, 4.341, 1112.8, 73.63, 32.08, 1.162, 250.0, 4.327, -0.0, 251.19, 4.314, 0.450, 1.239
73.89, 32.26, 1.172, 258.35, 4.273, 423.1, 73.73, 32.31, 1.166, 250.0, 4.304, 0.0, 251.13, 4.291, 0.404, 1.283
73.99, 32.50, 1.176, 253.40, 4.238, 559.6, 73.83, 32.54, 1.171, 250.0, 4.281, -0.0, 251.07, 4.270, 0.448, 1.309
74.09, 32.73, 1.181, 255.87, 4.229, 169.2, 73.93, 32.77, 1.175, 250.0, 4.258, 0.0, 251.02, 4.247, 0.425, 1.310
74.19, 32.97, 1.185, 255.87, 4.232, -697.8, 74.02, 33.00, 1.179, 250.0, 4.235, 0.0, 250.96, 4.225, 0.424, 1.293
74.28, 33.20, 1.189, 243.51, 4.256, -317.0, 74.12, 33.24, 1.183, 250.0, 4.212, -0.0, 250.96, 4.204, 0.535, 1.253
74.37, 33.43, 1.193, 249.69, 4.299, 1105.6, 74.21, 33.47, 1.187, 250.0, 4.189, 0.0, 250.99, 4.177, 0.480, 1.182
74.46, 33.66, 1.198, 238.57, 4.323, 933.2, 74.31, 33.70, 1.192, 250.0, 4.166, 0.0, 251.05, 4.154, 0.581, 1.115
74.54, 33.88, 1.202, 242.28, 4.316, -489.5, 74.40, 33.93, 1.196, 250.0, 4.143, 0.0, 251.14, 4.127, 0.550, 1.067
74.63, 34.11, 1.206, 249.69, 4.260, -1358.8, 74.49, 34.16, 1.200, 250.0, 4.121, -0.0, 251.18, 4.099, 0.484, 1.060
74.72, 34.35, 1.210, 249.69, 4.155, -1339.7, 74.58, 34.40, 1.204, 250.0, 4.098, 0.0, 251.18, 4.074, 0.484, 1.110
74.81, 34.58, 1.215, 247.22, 4.042, -163.7, 74.67, 34.63, 1.208, 250.0, 4.075, 0.0, 251.20, 4.051, 0.507, 1.190
74.89, 34.81, 1.219, 245.98, 3.934, 585.9, 74.76, 34.87, 1.212, 250.0, 4.052, -0.0, 251.23, 4.028, 0.519, 1.283
74.98, 35.04, 1.222, 245.98, 3.836, 214.7, 74.84, 35.10, 1.216, 250.0, 4.029, 0.0, 251.27, 4.005, 0.520, 1.380
75.06, 35.28, 1.226, 259.58, 3.769, 540.4, 74.93, 35.33, 1.220, 250.0, 4.006, -0.0, 251.25, 3.981, 0.397, 1.458
75.15, 35.52, 1.230, 250.93, 3.737, 866.1, 75.02, 35.57, 1.224, 250.0, 3.983, -0.0, 251.20, 3.962, 0.474, 1.512
75.23, 35.76, 1.234, 254.64, 3.752, -228.4, 75.10, 35.80, 1.228, 250.0, 3.960, 0.0, 251.17, 3.941, 0.440, 1.516
75.32, 36.00, 1.237, 267.00, 3.792, -470.3, 75.18, 36.04, 1.232, 250.0, 3.937, -0.0, 251.06, 3.918, 0.327, 1.483
75.40, 36.25, 1.241, 254.64, 3.859, 162.0, 75.27, 36.28, 1.236, 250.0, 3.914, 0.0, 250.95, 3.900, 0.436, 1.415
75.48, 36.49, 1.245, 259.58, 3.917, 138.0, 75.35, 36.51, 1.240, 250.0, 3.892, -0.0, 250.88, 3.877, 0.390, 1.331
75.56, 36.74, 1.249, 259.58, 3.977, 988.3, 75.43, 36.75, 1.244, 250.0, 3.869, 0.0, 250.78, 3.854, 0.388, 1.234
75.64, 36.98, 1.253, 243.51, 4.006, 1445.7, 75.51, 36.99, 1.248, 250.0, 3.846, -0.0, 250.76, 3.833, 0.533, 1.154
75.72, 37.22, 1.257, 255.87, 3.990, 387.1, 75.59, 37.22, 1.252, 250.0, 3.823, -0.0, 250.76, 3.805, 0.422, 1.104
75.80, 37.46, 1.261, 254.64, 3.946, -190.1, 75.67, 37.46, 1.255, 250.0, 3.800, 0.0, 250.70, 3.781, 0.432, 1.089
75.87, 37.70, 1.265, 252.17, 3.873, -398.4, 75.74, 37.70, 1.259, 250.0, 3.777, 0.0, 250.66, 3.757, 0.453, 1.109
75.95, 37.95, 1.269, 257.11, 3.801, -144.6, 75.82, 37.94, 1.263, 250.0, 3.754, 0.0, 250.61, 3.733, 0.408, 1.144
76.02, 38.19, 1.273, 248.46, 3.732, 346.4, 75.89, 38.17, 1.267, 250.0, 3.731, 0.0, 250.58, 3.711, 0.485, 1.187
76.10, 38.42, 1.276, 241.04, 3.684, 638.6, 75.97, 38.41, 1.270, 250.0, 3.708, 0.0, 250.63, 3.689, 0.553, 1.221
76.16, 38.65, 1.280, 238.57, 3.631, 602.7, 76.04, 38.65, 1.274, 250.0, 3.685, 0.0, 250.73, 3.665, 0.577, 1.258
76.23, 38.88, 1.284, 239.80, 3.582, 720.0, 76.11, 38.89, 1.278, 250.0, 3.663, 0.0, 250.83, 3.640, 0.568, 1.294
76.30, 39.11, 1.287, 236.10, 3.542, 569.1, 76.19, 39.13, 1.281, 250.0, 3.640, -0.0, 250.95, 3.617, 0.604, 1.324
76.36, 39.34, 1.291, 239.80, 3.517, -192.5, 76.26, 39.37, 1.285, 250.0, 3.617, 0.0, 251.07, 3.592, 0.573, 1.339
76.43, 39.57, 1.294, 244.75, 3.511, -1076.2, 76.33, 39.61, 1.289, 250.0, 3.594, -0.0, 251.15, 3.567, 0.530, 1.336
76.50, 39.81, 1.298, 247.22, 3.529, -1758.8, 76.40, 39.85, 1.292, 250.0, 3.571, -0.0, 251.19, 3.543, 0.509, 1.305
76.56, 40.04, 1.301, 244.75, 3.584, -1131.3, 76.47, 40.09, 1.296, 250.0, 3.548, -0.0, 251.23, 3.519, 0.532, 1.234
76.63, 40.28, 1.305, 252.17, 3.654, -714.6, 76.53, 40.33, 1.299, 250.0, 3.525, -0.0, 251.25, 3.493, 0.466, 1.131
76.69, 40.53, 1.309, 255.87, 3.698, -820.0, 76.60, 40.57, 1.303, 250.0, 3.502, 0.0, 251.21, 3.468, 0.432, 1.033
76.76, 40.78, 1.312, 262.05, 3.706, -281.1, 76.67, 40.81, 1.306, 250.0, 3.479, 0.0, 251.12, 3.441, 0.374, 0.958
76.82, 41.03, 1.316, 257.11, 3.679, 231.4, 76.73, 41.06, 1.310, 250.0, 3.456, 0.0, 251.03, 3.418, 0.417, 0.918
76.89, 41.28, 1.320, 252.17, 3.637, 317.7, 76.79, 41.30, 1.313, 250.0, 3.434, -0.0, 250.98, 3.394, 0.461, 0.899
76.95, 41.52, 1.323, 257.11, 3.586, 645.8, 76.86, 41.54, 1.317, 250.0, 3.411, 0.0, 250.93, 3.368, 0.416, 0.894
77.01, 41.77, 1.327, 253.40, 3.526, 751.2, 76.92, 41.78, 1.320, 250.0, 3.388, 0.0, 250.88, 3.344, 0.448, 0.907
77.07, 42.02, 1.330, 258.35, 3.458, 758.4, 76.98, 42.02, 1.323, 250.0, 3.365, 0.0, 250.82, 3.319, 0.402, 0.935
77.13, 42.27, 1.334, 254.64, 3.401, 906.8, 77.04, 42.27, 1.327, 250.0, 3.342, 0.0, 250.75, 3.296, 0.435, 0.963
77.19, 42.52, 1.337, 253.40, 3.361, 497.3, 77.10, 42.51, 1.330, 250.0, 3.319, 0.0, 250.71, 3.273, 0.445, 0.980
77.25, 42.77, 1.340, 259.58, 3.324, 684.1, 77.16, 42.75, 1.333, 250.0, 3.296, 0.0, 250.64, 3.248, 0.388, 0.992
77.31, 43.02, 1.344, 258.35, 3.282, 538.0, 77.22, 42.99, 1.337, 250.0, 3.273, -0.0, 250.55, 3.226, 0.397, 1.010
77.37, 43.27, 1.347, 255.87, 3.255, 104.5, 77.28, 43.24, 1.340, 250.0, 3.250, 0.0, 250.47, 3.204, 0.418, 1.018
77.42, 43.52, 1.350, 259.58, 3.250, 152.4, 77.33, 43.48, 1.343, 250.0, 3.228, 0.0, 250.39, 3.180, 0.383, 1.003
77.48, 43.77, 1.354, 258.35, 3.237, -369.7, 77.39, 43.73, 1.346, 250.0, 3.205, 0.0, 250.29, 3.158, 0.393, 0.989
77.53, 44.03, 1.357, 257.11, 3.192, -966.1, 77.45, 43.97, 1.350, 250.0, 3.182, 0.0, 250.21, 3.135, 0.402, 1.000
77.59, 44.28, 1.360, 255.87, 3.104, -1497.8, 77.50, 44.21, 1.353, 250.0, 3.159, 0.0, 250.14, 3.113, 0.412, 1.054
77.64, 44.53, 1.363, 259.58, 2.993, -1579.2, 77.55, 44.46, 1.356, 250.0, 3.136, -0.0, 250.05, 3.090, 0.377, 1.140
77.69, 44.78, 1.366, 249.69, 2.905, -551.7, 77.61, 44.70, 1.359, 250.0, 3.113, 0.0, 249.99, 3.072, 0.465, 1.229
77.74, 45.02, 1.369, 243.51, 2.842, -190.1, 77.66, 44.95, 1.362, 250.0, 3.090, 0.0, 250.02, 3.052, 0.521, 1.304
77.79, 45.26, 1.372, 245.98, 2.809, -479.9, 77.71, 45.19, 1.365, 250.0, 3.067, -0.0, 250.06, 3.030, 0.500, 1.352
77.84, 45.50, 1.374, 247.22, 2.816, 99.7, 77.76, 45.44, 1.368, 250.0, 3.044, 0.0, 250.09, 3.008, 0.489, 1.361
77.88, 45.74, 1.377, 243.51, 2.850, -192.5, 77.81, 45.68, 1.371, 250.0, 3.021, 0.0, 250.13, 2.987, 0.524, 1.335
77.93, 45.98, 1.380, 244.75, 2.898, -367.3, 77.86, 45.93, 1.374, 250.0, 2.999, 0.0, 250.18, 2.964, 0.514, 1.281
77.98, 46.22, 1.383, 244.75, 2.954, 27.9, 77.91, 46.17, 1.377, 250.0, 2.976, -0.0, 250.22, 2.940, 0.515, 1.204
78.02, 46.47, 1.386, 255.87, 3.016, 49.4, 77.96, 46.42, 1.380, 250.0, 2.953, 0.0, 250.22, 2.914, 0.414, 1.106
78.07, 46.72, 1.389, 249.69, 3.058, 497.3, 78.00, 46.66, 1.383, 250.0, 2.930, 0.0, 250.18, 2.891, 0.469, 1.016
78.11, 46.96, 1.392, 250.93, 3.063, 502.1, 78.05, 46.91, 1.386, 250.0, 2.907, 0.0, 250.17, 2.866, 0.458, 0.950
78.16, 47.21, 1.395, 253.40, 3.051, 947.6, 78.09, 47.15, 1.389, 250.0, 2.884, 0.0, 250.14, 2.841, 0.435, 0.901
78.20, 47.46, 1.398, 247.22, 3.013, 914.0, 78.14, 47.40, 1.392, 250.0, 2.861, -0.0, 250.13, 2.817, 0.491, 0.880
78.24, 47.71, 1.401, 255.87, 2.949, 396.7, 78.18, 47.65, 1.395, 250.0, 2.838, 0.0, 250.11, 2.790, 0.413, 0.888
78.28, 47.96, 1.404, 249.69, 2.878, 262.6, 78.23, 47.89, 1.398, 250.0, 2.815, 0.0, 250.08, 2.768, 0.468, 0.918
78.33, 48.20, 1.407, 252.17, 2.813, 178.8, 78.27, 48.14, 1.400, 250.0, 2.792, -0.0, 250.06, 2.743, 0.445, 0.951
78.37, 48.45, 1.410, 244.75, 2.770, 540.4, 78.31, 48.38, 1.403, 250.0, 2.770, 0.0, 250.07, 2.722, 0.512, 0.975
78.40, 48.70, 1.412, 255.87, 2.741, 229.1, 78.35, 48.63, 1.406, 250.0, 2.747, -0.0, 250.06, 2.695, 0.412, 0.984
78.44, 48.94, 1.415, 245.98, 2.726, -41.6, 78.39, 48.88, 1.409, 250.0, 2.724, -0.0, 250.04, 2.674, 0.501, 0.982
78.48, 49.19, 1.418, 244.75, 2.715, 78.2, 78.43, 49.12, 1.411, 250.0, 2.701, 0.0, 250.08, 2.651, 0.513, 0.971
78.52, 49.43, 1.421, 250.93, 2.703, -87.1, 78.47, 49.37, 1.414, 250.0, 2.678, 0.0, 250.09, 2.625, 0.457, 0.953
78.55, 49.67, 1.423, 241.04, 2.676, -333.8, 78.51, 49.62, 1.417, 250.0, 2.655, 0.0, 250.13, 2.603, 0.547, 0.949
78.59, 49.92, 1.426, 250.93, 2.652, -896.6, 78.55, 49.87, 1.419, 250.0, 2.632, 0.0, 250.16, 2.577, 0.459, 0.940
78.62, 50.16, 1.429, 236.10, 2.624, -958.9, 78.59, 50.11, 1.422, 250.0, 2.609, -0.0, 250.22, 2.556, 0.594, 0.939
78.66, 50.40, 1.431, 252.17, 2.606, -525.4, 78.62, 50.36, 1.425, 250.0, 2.586, 0.0, 250.28, 2.528, 0.450, 0.925
78.69, 50.65, 1.434, 249.69, 2.591, -242.8, 78.66, 50.61, 1.427, 250.0, 2.563, 0.0, 250.26, 2.505, 0.472, 0.911
78.73, 50.90, 1.436, 257.11, 2.565, 35.1, 78.70, 50.85, 1.430, 250.0, 2.541, 0.0, 250.22, 2.479, 0.405, 0.901
78.76, 51.15, 1.439, 248.46, 2.538, 8.7, 78.73, 51.10, 1.432, 250.0, 2.518, 0.0, 250.19, 2.458, 0.482, 0.898
78.79, 51.40, 1.441, 259.58, 2.503, 272.2, 78.76, 51.35, 1.435, 250.0, 2.495, 0.0, 250.14, 2.432, 0.381, 0.898
78.82, 51.66, 1.444, 254.64, 2.471, 451.8, 78.80, 51.60, 1.437, 250.0, 2.472, -0.0, 250.07, 2.410, 0.424, 0.903
78.86, 51.91, 1.446, 260.82, 2.438, 94.9, 78.83, 51.85, 1.440, 250.0, 2.449, 0.0, 249.98, 2.386, 0.367, 0.907
78.89, 52.17, 1.449, 248.46, 2.404, 188.3, 78.86, 52.09, 1.442, 250.0, 2.426, 0.0, 249.93, 2.366, 0.477, 0.917
78.92, 52.42, 1.451, 254.64, 2.396, 1033.8, 78.90, 52.34, 1.445, 250.0, 2.403, 0.0, 249.91, 2.341, 0.421, 0.904
78.95, 52.67, 1.454, 254.64, 2.415, 1132.0, 78.93, 52.59, 1.447, 250.0, 2.380, 0.0, 249.85, 2.318, 0.420, 0.864
78.98, 52.92, 1.456, 250.93, 2.451, 468.6, 78.96, 52.84, 1.449, 250.0, 2.357, 0.0, 249.82, 2.295, 0.453, 0.799
79.00, 53.17, 1.459, 254.64, 2.475, 200.3, 78.99, 53.09, 1.452, 250.0, 2.334, 0.0, 249.78, 2.269, 0.419, 0.731
79.03, 53.42, 1.461, 254.64, 2.469, 341.6, 79.02, 53.33, 1.454, 250.0, 2.312, 0.0, 249.72, 2.245, 0.418, 0.681
79.06, 53.68, 1.463, 258.35, 2.418, -178.1, 79.05, 53.58, 1.456, 250.0, 2.289, 0.0, 249.65, 2.219, 0.383, 0.671
79.09, 53.93, 1.466, 248.46, 2.356, -606.8, 79.07, 53.83, 1.459, 250.0, 2.266, 0.0, 249.61, 2.197, 0.471, 0.684
79.11, 54.18, 1.468, 254.64, 2.267, -384.1, 79.10, 54.08, 1.461, 250.0, 2.243, -0.0, 249.58, 2.172, 0.415, 0.728
79.14, 54.44, 1.470, 254.64, 2.162, -606.8, 79.13, 54.33, 1.463, 250.0, 2.220, 0.0, 249.52, 2.149, 0.414, 0.802
79.16, 54.69, 1.472, 257.11, 2.059, -683.4, 79.16, 54.58, 1.465, 250.0, 2.197, 0.0, 249.45, 2.126, 0.391, 0.889
79.19, 54.94, 1.475, 242.28, 1.970, -563.7, 79.18, 54.82, 1.467, 250.0, 2.174, 0.0, 249.45, 2.108, 0.524, 0.980
79.21, 55.18, 1.476, 250.93, 1.924, 87.7, 79.21, 55.07, 1.470, 250.0, 2.151, 0.0, 249.47, 2.084, 0.447, 1.037
79.23, 55.43, 1.478, 242.28, 1.928, 193.1, 79.23, 55.32, 1.472, 250.0, 2.128, 0.0, 249.49, 2.065, 0.525, 1.051
79.26, 55.68, 1.480, 252.17, 1.975, -523.0, 79.26, 55.57, 1.474, 250.0, 2.106, 0.0, 249.51, 2.040, 0.436, 1.010
79.28, 55.93, 1.482, 249.69, 2.046, -1018.8, 79.28, 55.82, 1.476, 250.0, 2.083, 0.0, 249.49, 2.018, 0.458, 0.930
79.30, 56.18, 1.484, 260.82, 2.109, -1009.2, 79.30, 56.07, 1.478, 250.0, 2.060, 0.0, 249.43, 1.992, 0.357, 0.834
79.32, 56.44, 1.487, 253.40, 2.146, -614.0, 79.33, 56.32, 1.480, 250.0, 2.037, 0.0, 249.34, 1.970, 0.422, 0.749
79.34, 56.69, 1.489, 255.87, 2.169, -72.7, 79.35, 56.57, 1.482, 250.0, 2.014, -0.0, 249.28, 1.945, 0.399, 0.668
79.36, 56.94, 1.491, 247.22, 2.161, 775.1, 79.37, 56.82, 1.484, 250.0, 1.991, -0.0, 249.26, 1.922, 0.476, 0.614
79.38, 57.19, 1.493, 252.17, 2.131, 784.7, 79.39, 57.06, 1.486, 250.0, 1.968, 0.0, 249.25, 1.895, 0.431, 0.581
79.40, 57.44, 1.495, 250.93, 2.066, 482.9, 79.41, 57.31, 1.488, 250.0, 1.945, 0.0, 249.22, 1.871, 0.442, 0.586
79.42, 57.69, 1.497, 244.75, 1.983, 585.9, 79.43, 57.56, 1.490, 250.0, 1.922, 0.0, 249.23, 1.848, 0.498, 0.621
79.44, 57.94, 1.499, 252.17, 1.909, 530.8, 79.45, 57.81, 1.492, 250.0, 1.899, -0.0, 249.23, 1.822, 0.431, 0.660
79.45, 58.19, 1.501, 257.11, 1.858, 372.8, 79.47, 58.06, 1.494, 250.0, 1.877, 0.0, 249.17, 1.797, 0.386, 0.689
79.47, 58.44, 1.503, 253.40, 1.847, -22.4, 79.49, 58.31, 1.496, 250.0, 1.854, 0.0, 249.11, 1.775, 0.418, 0.687
79.49, 58.70, 1.505, 255.87, 1.846, -671.5, 79.51, 58.56, 1.497, 250.0, 1.831, 0.0, 249.05, 1.751, 0.394, 0.667
79.51, 58.95, 1.507, 258.35, 1.863, -681.1, 79.53, 58.81, 1.499, 250.0, 1.808, 0.0, 248.96, 1.727, 0.371, 0.624
79.52, 59.21, 1.508, 259.58, 1.877, -273.9, 79.55, 59.06, 1.501, 250.0, 1.785, -0.0, 248.86, 1.703, 0.357, 0.574
79.54, 59.47, 1.510, 249.69, 1.885, -293.1, 79.56, 59.31, 1.503, 250.0, 1.762, 0.0, 248.80, 1.681, 0.445, 0.524
79.55, 59.71, 1.512, 244.75, 1.880, -352.9, 79.58, 59.56, 1.505, 250.0, 1.739, 0.0, 248.81, 1.658, 0.490, 0.480
79.57, 59.96, 1.514, 250.93, 1.850, 183.5, 79.60, 59.81, 1.506, 250.0, 1.716, 0.0, 248.82, 1.631, 0.435, 0.453
79.58, 60.21, 1.516, 241.04, 1.785, 181.2, 79.61, 60.06, 1.508, 250.0, 1.693, -0.0, 248.84, 1.609, 0.524, 0.466
79.59, 60.45, 1.518, 244.75, 1.697, 118.9, 79.63, 60.31, 1.510, 250.0, 1.670, -0.0, 248.90, 1.583, 0.492, 0.507
79.60, 60.69, 1.519, 242.28, 1.601, 150.0, 79.64, 60.56, 1.511, 250.0, 1.648, 0.0, 248.95, 1.559, 0.515, 0.570
79.62, 60.94, 1.521, 250.93, 1.541, -204.4, 79.66, 60.81, 1.513, 250.0, 1.625, 0.0, 248.97, 1.534, 0.438, 0.615
79.63, 61.18, 1.522, 241.04, 1.510, -443.9, 79.67, 61.05, 1.515, 250.0, 1.602, 0.0, 249.00, 1.514, 0.527, 0.641
79.64, 61.43, 1.524, 248.46, 1.500, -276.3, 79.69, 61.30, 1.516, 250.0, 1.579, 0.0, 249.04, 1.488, 0.461, 0.640
79.65, 61.68, 1.525, 250.93, 1.497, 30.3, 79.70, 61.55, 1.518, 250.0, 1.556, -0.0, 249.03, 1.464, 0.439, 0.626
79.66, 61.93, 1.527, 245.98, 1.489, -357.7, 79.71, 61.80, 1.519, 250.0, 1.533, 0.0, 249.03, 1.443, 0.483, 0.611
79.67, 62.17, 1.528, 247.22, 1.481, -259.5, 79.72, 62.05, 1.521, 250.0, 1.510, 0.0, 249.05, 1.419, 0.473, 0.591
79.68, 62.42, 1.530, 249.69, 1.475, 135.6, 79.74, 62.30, 1.522, 250.0, 1.487, 0.0, 249.06, 1.395, 0.451, 0.566
79.69, 62.67, 1.531, 243.51, 1.473, 533.2, 79.75, 62.55, 1.524, 250.0, 1.464, 0.0, 249.08, 1.373, 0.507, 0.537
79.70, 62.91, 1.533, 238.57, 1.461, 897.3, 79.76, 62.80, 1.525, 250.0, 1.441, 0.0, 249.16, 1.350, 0.553, 0.513
79.71, 63.15, 1.534, 247.22, 1.442, 796.7, 79.77, 63.05, 1.527, 250.0, 1.419, 0.0, 249.22, 1.323, 0.476, 0.491
79.72, 63.40, 1.536, 249.69, 1.431, 451.8, 79.78, 63.30, 1.528, 250.0, 1.396, 0.0, 249.23, 1.298, 0.454, 0.465
79.73, 63.65, 1.537, 253.40, 1.399, 205.1, 79.79, 63.55, 1.530, 250.0, 1.373, -0.0, 249.20, 1.273, 0.420, 0.454
79.74, 63.90, 1.538, 244.75, 1.367, -48.8, 79.80, 63.80, 1.531, 250.0, 1.350, 0.0, 249.20, 1.252, 0.498, 0.451
79.74, 64.15, 1.540, 253.40, 1.612, 370.4, 79.81, 64.05, 1.532, 250.0, 1.327, -0.0, 249.20, 1.224, 0.420, 0.213
79.75, 64.40, 1.541, 243.51, 1.322, 439.8, 79.82, 64.30, 1.534, 250.0, 1.304, 0.0, 249.21, 1.202, 0.509, 0.361
79.76, 64.64, 1.543, 249.69, 1.290, 260.2, 79.83, 64.55, 1.535, 250.0, 1.281, 0.0, 249.23, 1.176, 0.454, 0.373
79.76, 64.89, 1.544, 249.69, 1.244, 351.2, 79.84, 64.80, 1.536, 250.0, 1.258, 0.0, 249.23, 1.152, 0.454, 0.393
79.77, 65.14, 1.545, 245.98, 1.173, 224.3, 79.85, 65.05, 1.537, 250.0, 1.235, 0.0, 249.24, 1.130, 0.488, 0.436
79.78, 65.39, 1.546, 248.46, 1.107, -48.8, 79.86, 65.30, 1.539, 250.0, 1.212, 0.0, 249.26, 1.106, 0.466, 0.482
79.78, 65.64, 1.547, 254.64, 1.089, 485.3, 79.87, 65.55, 1.540, 250.0, 1.190, 0.0, 249.23, 1.081, 0.410, 0.492
79.79, 65.89, 1.548, 245.98, 1.085, 423.1, 79.87, 65.80, 1.541, 250.0, 1.167, 0.0, 249.22, 1.061, 0.487, 0.486
79.79, 66.14, 1.550, 243.51, 1.085, -276.3, 79.88, 66.05, 1.542, 250.0, 1.144, 0.0, 249.27, 1.039, 0.511, 0.467
79.80, 66.39, 1.551, 258.35, 1.085, -147.0, 79.89, 66.30, 1.543, 250.0, 1.121, 0.0, 249.25, 1.011, 0.377, 0.437
79.80, 66.64, 1.552, 242.28, 1.067, -295.5, 79.89, 66.55, 1.544, 250.0, 1.098, -0.0, 249.24, 0.993, 0.521, 0.425
79.81, 66.88, 1.553, 249.69, 1.027, -192.5, 79.90, 66.80, 1.545, 250.0, 1.075, -0.0, 249.27, 0.967, 0.455, 0.427
79.81, 67.13, 1.554, 242.28, 1.003, 154.8, 79.91, 67.05, 1.546, 250.0, 1.052, -0.0, 249.30, 0.946, 0.522, 0.424
79.82, 67.37, 1.555, 248.46, 0.982, 377.5, 79.91, 67.30, 1.548, 250.0, 1.029, 0.0, 249.34, 0.921, 0.468, 0.416
79.82, 67.62, 1.556, 241.04, 0.966, 298.5, 79.92, 67.55, 1.549, 250.0, 1.006, 0.0, 249.39, 0.899, 0.535, 0.406
79.82, 67.87, 1.557, 254.64, 0.966, -82.3, 79.92, 67.80, 1.550, 250.0, 0.983, -0.0, 249.40, 0.872, 0.413, 0.376
79.83, 68.12, 1.558, 249.69, 0.966, -297.8, 79.93, 68.05, 1.551, 250.0, 0.961, 0.0, 249.37, 0.850, 0.457, 0.345
79.83, 68.37, 1.559, 247.22, 0.957, -434.4, 79.93, 68.30, 1.551, 250.0, 0.938, 0.0, 249.38, 0.827, 0.479, 0.317
79.83, 68.62, 1.560, 252.17, 0.962, -120.6, 79.94, 68.55, 1.552, 250.0, 0.915, -0.0, 249.38, 0.801, 0.435, 0.274
79.84, 68.86, 1.561, 238.57, 0.965, 389.5, 79.94, 68.80, 1.553, 250.0, 0.892, 0.0, 249.42, 0.781, 0.558, 0.232
79.84, 69.10, 1.562, 243.51, 0.946, 890.1, 79.95, 69.05, 1.554, 250.0, 0.869, 0.0, 249.50, 0.755, 0.515, 0.201
79.84, 69.35, 1.562, 247.22, 0.915, 1007.4, 79.95, 69.30, 1.555, 250.0, 0.846, 0.0, 249.54, 0.729, 0.483, 0.183
79.84, 69.60, 1.563, 253.40, 0.853, 523.6, 79.96, 69.55, 1.556, 250.0, 0.823, 0.0, 249.54, 0.703, 0.427, 0.194
79.84, 69.85, 1.564, 252.17, 0.780, 102.1, 79.96, 69.80, 1.557, 250.0, 0.800, 0.0, 249.50, 0.680, 0.437, 0.227
79.84, 70.11, 1.565, 258.35, 0.718, 159.6, 79.96, 70.05, 1.557, 250.0, 0.777, 0.0, 249.45, 0.655, 0.381, 0.260
79.85, 70.36, 1.566, 247.22, 0.683, 169.2, 79.97, 70.30, 1.558, 250.0, 0.755, 0.0, 249.41, 0.635, 0.480, 0.279
79.85, 70.61, 1.566, 245.98, 0.675, 509.3, 79.97, 70.55, 1.559, 250.0, 0.732, 0.0, 249.44, 0.612, 0.492, 0.273
79.85, 70.86, 1.567, 255.87, 0.683, 825.4, 79.97, 70.80, 1.560, 250.0, 0.709, 0.0, 249.43, 0.586, 0.402, 0.242
79.85, 71.11, 1.568, 243.51, 0.685, 425.4, 79.97, 71.05, 1.560, 250.0, 0.686, 0.0, 249.42, 0.566, 0.514, 0.212
79.85, 71.35, 1.568, 253.40, 0.671, 305.7, 79.98, 71.30, 1.561, 250.0, 0.663, 0.0, 249.43, 0.539, 0.425, 0.186
79.85, 71.61, 1.569, 254.64, 0.645, 123.7, 79.98, 71.55, 1.562, 250.0, 0.640, -0.0, 249.39, 0.515, 0.413, 0.170
79.85, 71.86, 1.570, 252.17, 0.637, -249.9, 79.98, 71.80, 1.562, 250.0, 0.617, 0.0, 249.35, 0.492, 0.434, 0.144
79.85, 72.12, 1.570, 257.11, 0.625, -329.0, 79.98, 72.05, 1.563, 250.0, 0.594, 0.0, 249.30, 0.467, 0.389, 0.116
79.85, 72.37, 1.571, 252.17, 0.588, -276.3, 79.98, 72.30, 1.564, 250.0, 0.571, 0.0, 249.24, 0.445, 0.432, 0.111
79.85, 72.62, 1.571, 253.40, 0.539, -135.0, 79.99, 72.55, 1.564, 250.0, 0.548, 0.0, 249.21, 0.421, 0.420, 0.119
79.85, 72.88, 1.572, 252.17, 0.489, -192.5, 79.99, 72.80, 1.565, 250.0, 0.526, 0.0, 249.17, 0.397, 0.431, 0.135
79.85, 73.13, 1.572, 250.93, 0.438, -388.9, 79.99, 73.05, 1.565, 250.0, 0.503, 0.0, 249.15, 0.375, 0.442, 0.158
79.85, 73.38, 1.573, 252.17, 0.397, -235.6, 79.99, 73.30, 1.566, 250.0, 0.480, 0.0, 249.13, 0.351, 0.430, 0.175
79.85, 73.63, 1.573, 252.17, 0.375, -249.9, 79.99, 73.55, 1.566, 250.0, 0.457, -0.0, 249.10, 0.329, 0.429, 0.179
79.85, 73.88, 1.574, 248.46, 0.365, 27.9, 79.99, 73.80, 1.567, 250.0, 0.434, -0.0, 249.09, 0.307, 0.462, 0.170
79.85, 74.13, 1.574, 248.46, 0.361, 475.7, 79.99, 74.05, 1.567, 250.0, 0.411, -0.0, 249.09, 0.284, 0.463, 0.150
79.85, 74.38, 1.574, 253.40, 0.366, 387.1, 80.00, 74.30, 1.567, 250.0, 0.388, 0.0, 249.08, 0.259, 0.418, 0.116
79.84, 74.63, 1.575, 250.93, 0.370, 147.6, 80.00, 74.55, 1.568, 250.0, 0.365, 0.0, 249.05, 0.236, 0.439, 0.078
79.84, 74.89, 1.575, 258.35, 0.367, -132.6, 80.00, 74.80, 1.568, 250.0, 0.342, 0.0, 248.99, 0.210, 0.372, 0.039
79.84, 75.14, 1.575, 248.46, 0.344, 97.3, 80.00, 75.05, 1.568, 250.0, 0.319, 0.0, 248.95, 0.189, 0.460, 0.019
79.84, 75.39, 1.576, 249.69, 0.325, 617.0, 80.00, 75.30, 1.569, 250.0, 0.297, 0.0, 248.95, 0.165, 0.449, -0.004
79.84, 75.64, 1.576, 257.11, 0.306, 550.0, 80.00, 75.55, 1.569, 250.0, 0.274, -0.0, 248.90, 0.139, 0.381, -0.027
79.84, 75.90, 1.576, 252.17, 0.284, 356.0, 80.00, 75.80, 1.569, 250.0, 0.251, 0.0, 248.85, 0.116, 0.424, -0.045
79.84, 76.15, 1.577, 258.35, 0.255, 15.9, 80.00, 76.05, 1.570, 250.0, 0.228, 0.0, 248.79, 0.090, 0.368, -0.059
79.84, 76.41, 1.577, 257.11, 0.220, -242.8, 80.00, 76.30, 1.570, 250.0, 0.205, 0.0, 248.70, 0.067, 0.377, -0.064
79.83, 76.67, 1.577, 264.53, 0.193, -273.9, 80.00, 76.55, 1.570, 250.0, 0.182, 0.0, 248.58, 0.041, 0.308, -0.075
79.83, 76.93, 1.577, 257.11, 0.172, -326.6, 80.00, 76.80, 1.570, 250.0, 0.159, 0.0, 248.46, 0.019, 0.372, -0.088
79.83, 77.19, 1.577, 258.35, 0.157, -405.6, 80.00, 77.05, 1.570, 250.0, 0.136, 0.0, 248.37, -0.005, 0.359, -0.108
79.83, 77.45, 1.578, 259.58, 0.139, -582.9, 80.00, 77.30, 1.570, 250.0, 0.114, 0.0, 248.26, -0.029, 0.346, -0.128
79.83, 77.71, 1.578, 254.64, 0.123, -587.6, 80.00, 77.55, 1.570, 250.0, 0.094, 0.0, 248.17, -0.049, 0.389, -0.147
79.83, 77.97, 1.578, 260.82, 0.107, -611.6, 80.00, 77.80, 1.571, 250.0, 0.076, 0.0, 248.08, -0.070, 0.331, -0.168
79.82, 78.22, 1.578, 253.40, 0.097, -599.6, 80.00, 78.05, 1.571, 250.0, 0.060, 0.0, 247.99, -0.086, 0.396, -0.189
79.82, 78.48, 1.578, 255.87, 0.088, -618.8, 80.00, 78.30, 1.571, 250.0, 0.045, 0.0, 247.93, -0.102, 0.373, -0.213
79.82, 78.74, 1.578, 260.82, 0.083, -590.0, 80.00, 78.55, 1.571, 250.0, 0.033, 0.0, 247.83, -0.117, 0.326, -0.240
79.82, 78.99, 1.578, 257.11, 0.080, -465.5, 80.00, 78.80, 1.571, 250.0, 0.023, 0.0, 247.72, -0.128, 0.358, -0.266
79.82, 79.25, 1.578, 250.93, 0.078, -360.1, 80.00, 79.05, 1.571, 250.0, 0.014, 0.0, 247.66, -0.136, 0.412, -0.292
79.81, 79.50, 1.578, 260.82, 0.076, -197.3, 80.00, 79.30, 1.571, 250.0, 0.008, 0.0, 247.58, -0.147, 0.321, -0.321
79.81, 79.76, 1.578, 250.93, 0.074, -48.8, 80.00, 79.55, 1.571, 250.0, 0.003, 0.0, 247.50, -0.150, 0.409, -0.343
79.81, 80.01, 1.578, 239.80, 0.055, 272.2, 80.00, 79.80, 1.571, 250.0, 0.001, 0.0, 247.53, -0.150, 0.509, -0.349
